id,group_number
112176,35
168312,49
242266,3
261102,12
323861,3
393628,3
662122,18
941186,28
964441,12
971239,12
989224,7
1013912,37
1013999,27
1034979,12
1188609,3
1249922,25
1264139,27
1279916,48
1320292,0
1321173,11
1321270,34
1324809,27
1329126,2
1332346,34
1370129,27
1394087,12
1399922,0
1422199,37
1423299,44
1619093,34
1639181,16
1641236,45
1696881,3
1821126,7
1832672,11
1860322,28
1869639,34
1892981,9
1894992,27
1918224,7
1919297,27
1921220,27
1922291,12
1924078,39
1926134,3
1932967,0
1968045,38
1977923,4
1989486,2
2022736,12
2092193,27
2117899,42
2120391,12
2132119,24
2137271,1
2163133,11
2172883,7
2193410,27
2212491,39
2222811,28
2223932,18
2237922,12
2239320,11
2281224,1
2282329,33
2304833,11
2321844,14
2332306,45
2333228,11
2363218,11
2382674,19
2418492,31
2429839,7
2434088,28
2437992,37
2469253,40
2482161,28
2487187,28
2623391,23
2642129,12
2671994,3
2673202,3
2687395,40
2693461,20
2742718,28
2798289,6
2812131,11
2838288,7
2863126,3
2864496,31
2911292,27
2921723,39
2926624,3
2929162,27
2938630,11
2954320,40
2963126,12
2981712,7
2992189,27
2998119,43
3022911,1
3122212,12
3122223,11
3189724,27
3216067,3
3223921,11
3236029,3
3236611,3
3238209,11
3262727,18
3287203,33
3292236,11
3292868,20
3296718,28
3299292,39
3310362,12
3332838,23
3342947,23
3482623,45
3495937,8
3728162,3
3784134,32
3799912,27
3828939,15
3832349,11
3839607,49
3839927,25
3882319,11
3892161,27
3971079,2
3998920,7
4126238,7
4129902,34
4163827,48
4186290,14
4196561,30
4203248,11
4277212,25
4332186,11
4437291,9
4626668,3
4626696,3
4647663,45
4741971,42
4792801,7
4820628,49
4832317,19
4867169,6
4962462,12
4966373,3
5039123,30
5138122,26
5143934,8
5469714,40
6029803,11
6186806,3
6191394,34
6192291,2
6212236,3
6220699,3
6239894,49
6291139,27
6293467,11
6297933,6
6299328,20
6310318,49
6316840,3
6317384,3
6318669,3
6323362,3
6339222,23
6411892,27
6648648,7
6732119,0
6797263,10
6866710,3
6867479,42
6881243,12
6921364,45
6934131,27
6992322,0
7116197,48
7177821,1
7199729,6
7199919,6
7212497,1
7239624,42
7266626,18
7311123,16
7319934,11
7329961,3
7336962,45
7339637,11
7391821,24
7481936,11
7629892,42
7647191,12
7679793,42
7690119,27
7692719,42
7732216,3
7762609,3
7810768,3
7826974,7
7834326,32
7891960,2
7893141,47
7909317,48
7992225,30
8116286,3
8168867,7
8172333,23
8213811,7
8222991,27
8292287,18
8318731,17
8319594,8
8319622,15
8328382,7
8352971,38
8389337,23
8419598,40
8422408,33
8437622,12
8472384,34
8526749,40
8604592,34
8681863,49
8829216,3
8838341,23
8910889,29
8929741,31
8962828,18
9098922,49
9115471,30
9169941,12
9222676,39
9246832,2
9259734,8
9266219,0
9279962,29
9291224,22
9313662,3
9326628,3
9328894,49
9374680,19
9378831,7
9392239,11
9423246,31
9477172,6
9485142,38
9492192,27
9496031,43
9522484,39
9592294,8
9712833,11
9732136,3
9744976,42
9784846,14
9793316,9
9827702,39
9829717,10
9918218,7
9922479,31
9931098,2
9958823,40
9977752,40
9997313,11
10101222,34
10131033,34
10133672,17
10236212,3
10238793,15
10279269,12
10283171,48
10289531,8
10299922,12
10360999,11
10369423,23
10389192,27
10399043,12
10419432,11
10481866,28
10491319,12
10499910,5
10619223,34
10643323,23
10677220,3
10682233,47
10729734,24
10813922,11
10837164,12
10839712,27
10862996,43
10947478,14
10981267,3
11004262,12
11068133,17
11080310,11
11080900,7
11093142,44
11096221,27
11113018,11
11113927,27
11122377,24
11123921,43
11132144,5
11142232,47
11160339,23
11172967,9
11191227,0
11192237,6
11204229,25
11212338,17
11222063,11
11226268,18
11270819,6
11272927,42
11273068,20
11273826,35
11290927,29
11291829,37
11292098,27
11292262,29
11292796,21
11292928,9
11294236,27
11294287,5
11298699,27
11299449,27
11299815,8
11313837,35
11322433,32
11327424,31
11333767,16
11341931,47
11380232,18
11391081,27
11412913,32
11413984,27
11437942,48
11439262,5
11461772,48
11471732,24
11476774,35
11497937,44
11519928,40
11526969,8
11592349,30
11604210,3
11609691,3
11620148,49
11712029,12
11741971,48
11749911,27
11766781,48
11772278,48
11786046,49
11793897,27
11820469,5
11828892,27
11844411,31
11877304,14
11881234,14
11912797,4
11921309,0
11944127,27
11965210,8
11967936,27
11992688,2
11993291,27
11996722,39
11997299,4
12018268,3
12019083,12
12062819,49
12066833,7
12087822,19
12106842,7
12114782,5
12116874,1
12123961,2
12124972,10
12139707,48
12149820,27
12162934,13
12167047,48
12179229,27
12179623,1
12181299,1
12190102,22
12191479,29
12192841,22
12199193,0
12210894,27
12212922,27
12218222,1
12219214,39
12221634,45
12221767,48
12223222,24
12223942,16
12229023,34
12230972,27
12231762,15
12239230,11
12241491,5
12243216,31
12263711,19
12264326,5
12272898,41
12283326,15
12292933,29
12293712,15
12296141,27
12297119,27
12299241,43
12299622,39
12312492,39
12321183,16
12321942,0
12322222,17
12323442,25
12329128,24
12331291,18
12336796,15
12337429,23
12339174,13
12339847,25
12342292,24
12342619,20
12360624,12
12361291,29
12371862,1
12377227,35
12382684,31
12383422,23
12391621,27
12393016,16
12393722,16
12394919,44
12398669,27
12399262,27
12421447,35
12427227,36
12433276,25
12433426,15
12488432,14
12492777,36
12493740,6
12591972,8
12599612,8
12614743,1
12622221,20
12630008,11
12642362,25
12642930,27
12672769,6
12683499,45
12692932,27
12698122,1
12710322,11
12712167,1
12713643,1
12713792,21
12722233,25
12728293,27
12729982,19
12732372,23
12762779,42
12799206,1
12799328,27
12812493,16
12814492,36
12821209,2
12822320,11
12824882,31
12843430,7
12862813,17
12883799,39
12884349,32
12889913,0
12890212,28
12893819,27
12893932,10
12894339,29
12896389,27
12902179,9
12911833,23
12912329,15
12923791,9
12926364,5
12934842,13
12938161,45
12938922,22
12939339,23
12942114,27
12962078,4
12962787,42
12972791,0
12977889,2
12978433,14
12988439,27
12991937,27
12992112,39
12994599,38
12999173,27
13044383,14
13049738,6
13059942,8
13061319,45
13083383,7
13108213,47
13113427,32
13117099,27
13119364,27
13122083,23
13123229,9
13138123,23
13139320,2
13158927,40
13173921,25
13187960,27
13192062,12
13206393,23
13216722,1
13223488,25
13223841,16
13239414,27
13239422,0
13243693,45
13259722,40
13261083,17
13261944,39
13293683,45
13317337,47
13321921,15
13322149,16
13323229,24
13329648,29
13331214,47
13331626,45
13332714,16
13364203,11
13370226,12
13383912,43
13389422,47
13394931,23
13395472,8
13428960,2
13462624,24
13463207,45
13464763,13
13471299,27
13529984,38
13579792,8
13621496,31
13623131,15
13629095,40
13629596,40
13634924,36
13642973,45
13662287,45
13669322,20
13691474,5
13692007,3
13721809,49
13722909,1
13729119,27
13736971,6
13742991,39
13773219,6
13792413,2
13794632,42
13798922,42
13800114,7
13821417,35
13822162,1
13828869,25
13860979,11
13871132,17
13903217,17
13907327,17
13914379,16
13917720,47
13920338,39
13920426,27
13922312,9
13922793,42
13928919,1
13933928,23
13939289,39
13964206,3
13978641,13
13979797,35
13983238,9
13992341,17
14011239,27
14079123,27
14123442,25
14124274,31
14126921,2
14129312,37
14179142,21
14192248,14
14206722,20
14212968,33
14219992,22
14223490,11
14232342,1
14238902,34
14239298,46
14266228,20
14269232,20
14283322,36
14284812,31
14291914,2
14299216,0
14309221,15
14311489,27
14332231,23
14332942,36
14336434,23
14343062,32
14344222,18
14392696,27
14422942,5
14461833,5
14462828,14
14481621,5
14494122,9
14498633,13
14622284,14
14632429,31
14698721,19
14782814,14
14787291,48
14797142,39
14892035,40
14928114,46
14929934,27
14933024,13
14968826,20
14973119,27
14973392,27
14993225,38
15126216,26
15223692,40
15233639,8
15298222,40
15419429,40
15423329,40
15792983,40
15919283,38
15920980,8
16083183,49
16102662,3
16118433,47
16129242,18
16133188,45
16149242,27
16162677,48
16169272,44
16192212,27
16196973,27
16202224,3
16207292,6
16208219,27
16219953,8
16223736,23
16228098,3
16231279,39
16231377,15
16232131,24
16236020,11
16243226,15
16282429,39
16296924,1
16338499,27
16362162,1
16362391,0
16380280,11
16382176,16
16382991,9
16384332,13
16386108,45
16390083,3
16409129,44
16423227,18
16424101,1
16439231,45
16609192,3
16628042,3
16684917,27
16692280,3
16728947,19
16748229,9
16762919,4
16762940,27
16769742,39
16782487,5
16824932,27
16832383,25
16869963,45
16895281,8
16910281,11
16921733,4
16921773,27
16932311,27
16936362,1
16977986,4
16982198,27
16982891,27
16984974,14
16986230,12
16993292,9
17009389,4
17020822,12
17112711,1
17119287,27
17131720,16
17132997,4
17143323,31
17144772,48
17167133,21
17178413,16
17186292,25
17188019,7
17199392,27
17213967,9
17217673,41
17222539,40
17222912,27
17262200,19
17279012,39
17292729,42
17321234,24
17332169,42
17334919,17
17343122,15
17347217,19
17392462,17
17398191,48
17400134,27
17411728,5
17429411,27
17441710,12
17462296,9
17487927,42
17630337,3
17634295,8
17641698,4
17711028,34
17711292,27
17723188,35
17724962,27
17772963,6
17800824,49
17816793,29
17822117,41
17837420,34
17864429,14
17869294,44
17912992,44
17923227,24
17932292,0
17932376,42
17941391,2
18083133,23
18114082,5
18114238,17
18116249,37
18119918,27
18128608,0
18139479,2
18141894,14
18142392,14
18144431,5
18152284,26
18192827,9
18207299,39
18229222,0
18237843,19
18262338,17
18268278,35
18279171,48
18289035,40
18297288,33
18311272,19
18318440,14
18319892,46
18327920,25
18383820,11
18386234,24
18390992,27
18439922,33
18487398,46
18600927,34
18688960,3
18717917,27
18729962,29
18733992,0
18736891,42
18769130,21
18792217,6
18799097,21
18822420,1
18859962,8
18890229,49
18899319,16
18913497,27
18918390,7
18918829,31
18925704,8
18927630,3
18937238,27
18948272,2
18957329,40
18977429,27
18987262,39
18991929,27
19006142,9
19026840,3
19031329,27
19113092,27
19121124,5
19121229,27
19121619,27
19122939,27
19123413,16
19129711,27
19132372,6
19132964,27
19137196,27
19142212,1
19142219,31
19149894,3
19154943,40
19171370,35
19172173,41
19179532,40
19181626,27
19184339,6
19196574,8
19198913,27
19210632,34
19212958,40
19221214,31
19222071,0
19222621,1
19224476,35
19230312,1
19244134,13
19249831,31
19269744,42
19276242,31
19282986,2
19283777,48
19292624,22
19293633,16
19294224,36
19312961,0
19318826,16
19321909,22
19323141,39
19329717,21
19332092,1
19362917,6
19369232,39
19369266,27
19372710,27
19393172,6
19393332,16
19395222,8
19395714,40
19417999,27
19422483,36
19433213,27
19470481,12
19470974,6
19483973,27
19494238,27
19497852,40
19599317,8
19622037,20
19622681,27
19632738,45
19642216,5
19657193,40
19673227,0
19681079,4
19694172,6
19703264,3
19703316,3
19723720,48
19729972,4
19789158,40
19789972,42
19795019,38
19795919,38
19798984,27
19799281,27
19809294,28
19817784,43
19818229,27
19824123,46
19824336,14
19891390,46
19892292,43
19892346,5
19892703,6
19893747,31
19904188,2
19910318,27
19916324,27
19921343,1
19936714,47
19937383,6
19939712,27
19943927,27
19983420,22
19991352,40
19996417,27
20082104,34
20092871,19
20119124,27
20120192,34
20128463,12
20133362,34
20162826,25
20178622,3
20222241,36
20229138,12
20244380,12
20273918,4
20293113,11
20297279,19
20300616,12
20316816,45
20321997,19
20323221,18
20329158,40
20329413,11
20366216,3
20381292,24
20382111,12
20413647,3
20421923,5
20499384,7
20621028,46
20667843,3
20689232,22
20722192,6
20724949,12
20749228,6
20792123,12
20840969,7
20883633,7
20887242,7
20894430,11
20927212,42
20962461,3
20962997,22
20979031,41
20979828,0
21023234,11
21066206,37
21072298,37
21092166,1
21092913,2
21093423,31
21095316,26
21101268,1
21109014,27
21114402,36
21114492,27
21122234,31
21124827,21
21128371,35
21138216,33
21138360,3
21142292,31
21149121,27
21149922,29
21162373,35
21190293,16
21196449,39
21210489,12
21221716,41
21222992,27
21224958,40
21229191,2
21229220,0
21232398,27
21233648,13
21233991,1
21237919,39
21237922,9
21248642,33
21262962,2
21264621,1
21271792,6
21272276,18
21277778,46
21281232,16
21281241,46
21284496,20
21288934,9
21289165,34
21289709,27
21291139,27
21291832,1
21296222,9
21298290,44
21300180,12
21301381,12
21303906,11
21311392,16
21323212,24
21324429,25
21327928,18
21328690,15
21373921,19
21384973,23
21392127,19
21392220,22
21393127,41
21398722,0
21402029,36
21407996,4
21422286,18
21422993,0
21437329,6
21443984,14
21471621,41
21473903,4
21488979,5
21496219,27
21527923,30
21532699,30
21622941,27
21624794,6
21632224,24
21640229,3
21643100,1
21646091,3
21665239,40
21667299,44
21727342,31
21732179,6
21739714,0
21746894,14
21772983,6
21781299,42
21782479,6
21791321,21
21792709,27
21793810,49
21814171,14
21819203,17
21822996,1
21823292,10
21833026,24
21833224,15
21848811,1
21864360,28
21871082,46
21872370,49
21878929,10
21892774,0
21902895,8
21903941,27
21906689,27
21907192,2
21908222,39
21912912,27
21916672,6
21919949,27
21920942,2
21922227,6
21922870,27
21922911,2
21929286,1
21929664,44
21929999,27
21932421,18
21933113,23
21934492,0
21935232,8
21944932,10
21956297,40
21961733,6
21962321,25
21963232,18
21972209,0
21982380,28
21991618,43
21992560,38
21993210,27
21997799,42
21998279,27
21999123,29
21999137,48
22002733,11
22008223,11
22027262,12
22032194,9
22072977,6
22073286,49
22081137,7
22089532,40
22101823,28
22106493,12
22110801,34
22111399,47
22111630,3
22117477,19
22119827,22
22119891,27
22122588,26
22123922,37
22124910,34
22126283,18
22132943,44
22133212,17
22138109,27
22139088,11
22139794,10
22143296,29
22149479,42
22149663,1
22162022,18
22163819,27
22177147,18
22179028,42
22184303,24
22199414,0
22217249,9
22219222,18
22221393,37
22222203,15
22222322,18
22226939,39
22229290,39
22231394,22
22233892,22
22238067,33
22241449,25
22242314,32
22242490,39
22246229,39
22246262,18
22259802,38
22261992,1
22262912,1
22262991,27
22263631,45
22264215,26
22269189,27
22272721,19
22274124,41
22274399,0
22284176,31
22284379,31
22287296,39
22291125,38
22291224,36
22292229,10
22292302,18
22292427,39
22292936,22
22293694,39
22297796,0
22301126,12
22301231,1
22301496,3
22307338,11
22312012,16
22317777,21
22321733,16
22323444,32
22324214,15
22324322,18
22324638,36
22326303,21
22330468,46
22332264,13
22341193,29
22343302,31
22362803,49
22366322,24
22368983,33
22371923,15
22372489,24
22377439,39
22383843,14
22387592,38
22389393,23
22389692,37
22391179,17
22393031,11
22393093,24
22393313,23
22399227,0
22399296,39
22416920,3
22417626,36
22421032,31
22423830,18
22429199,39
22432288,18
22436302,24
22438079,7
22476784,14
22478248,33
22478942,42
22479298,19
22480910,9
22481999,33
22482218,33
22482799,31
22483294,31
22493817,25
22498273,10
22499619,1
22582822,26
22606621,1
22621923,39
22622924,20
22622988,29
22623827,33
22632994,39
22642713,48
22648032,18
22663891,22
22672837,41
22678709,3
22679223,20
22684768,33
22692191,37
22698873,22
22699357,40
22704263,3
22712527,26
22714744,19
22721272,41
22721362,15
22722332,25
22722889,10
22722973,39
22724425,26
22724962,39
22733209,11
22733930,23
22734391,23
22736979,10
22782674,36
22783226,15
22783390,41
22797723,39
22803433,46
22807272,41
22812004,7
22813133,18
22819279,6
22822940,0
22832382,24
22842023,33
22842139,27
22849336,25
22862362,1
22862808,20
22871192,9
22874123,24
22874932,33
22880196,46
22892204,7
22910921,37
22912912,18
22912923,39
22917813,33
22919261,27
22919983,27
22923562,26
22926833,15
22928833,25
22931169,2
22932093,0
22932914,31
22933225,8
22933944,22
22940234,15
22942966,18
22960334,31
22961761,21
22962874,31
22963092,25
22971114,1
22972207,42
22972901,37
22975371,8
22981043,49
22981222,39
22981292,22
22981779,35
22987421,2
22988296,37
22992137,27
22997291,6
22999378,18
23013263,27
23023216,12
23031418,27
23042008,7
23069847,6
23072613,3
23072693,23
23096207,3
23106424,12
23107937,23
23112224,1
23117964,27
23119292,1
23120332,24
23121389,10
23122113,16
23122142,29
23122916,39
23123242,18
23136348,47
23147624,1
23161199,1
23169239,0
23173962,10
23182212,46
23189128,9
23191033,12
23193411,44
23196014,27
23208224,28
23212682,39
23212859,40
23213186,33
23216973,43
23218761,1
23222611,45
23226243,31
23231227,16
23231469,16
23232186,17
23233728,19
23234216,45
23236721,19
23237969,0
23239923,15
23261386,23
23269214,20
23270299,0
23272973,39
23273917,6
23281292,39
23283282,24
23297219,19
23314042,11
23322059,26
23323917,6
23334176,23
23348117,13
23363721,19
23368822,45
23369273,24
23369888,20
23373322,23
23378314,21
23384869,14
23393184,23
23393189,47
23398717,39
23421104,25
23422621,13
23423115,26
23429149,2
23429231,0
23435947,40
23442272,18
23472219,27
23484799,31
23492239,10
23494292,10
23496631,13
23529122,40
23582292,40
23612724,32
23614229,31
23622669,18
23624602,45
23639368,25
23640629,3
23642293,24
23656194,8
23660222,3
23679671,45
23698933,39
23702626,3
23712296,6
23713037,15
23719129,47
23722359,38
23738214,14
23762388,23
23826230,7
23828696,39
23846995,30
23874426,31
23882423,14
23893522,40
23910031,1
23912991,0
23920970,12
23921422,0
23921493,0
23922029,37
23922122,0
23922919,1
23924072,4
23927179,42
23932436,25
23932614,31
23933692,15
23934223,15
23936323,23
23939163,9
23942262,39
23942823,15
23944212,31
23956929,8
23964411,5
23969341,9
23969999,39
23976222,0
23981132,39
23992044,39
23992342,0
23993957,40
23998576,38
24028427,19
24111791,1
24114298,31
24120120,1
24122322,15
24129127,48
24129394,31
24142212,31
24170793,9
24172866,19
24182389,39
24192891,31
24194221,5
24210642,5
24211932,16
24219922,39
24224224,25
24226163,5
24229024,18
24239332,10
24261976,19
24266821,1
24268183,15
24271321,31
24272289,14
24279223,19
24282191,18
24282284,14
24282987,31
24287011,14
24290378,42
24291925,40
24293243,39
24314962,22
24329176,36
24332823,23
24333103,23
24337983,0
24357498,30
24364314,45
24420089,10
24431263,45
24461101,12
24469378,6
24489169,27
24489210,28
24498939,0
24523819,40
24582332,26
24612297,42
24614721,36
24624224,36
24626412,31
24627113,31
24627789,14
24646042,31
24662222,27
24687640,49
24689123,1
24694241,31
24718094,6
24718698,5
24730729,42
24733682,32
24734593,40
24783972,36
24791396,6
24792779,6
24792821,37
24801022,5
24807874,28
24821301,12
24832397,42
24842892,0
24861269,27
24888692,14
24891318,39
24922807,7
24931684,27
24932491,27
24939322,0
24947959,38
24947982,14
24949861,14
24952366,38
24977282,31
24982667,36
24992999,37
24998169,46
25039893,8
25062739,8
25136974,40
25182968,40
25282109,30
25292846,30
25381839,40
25392999,40
25421171,26
25613927,8
25799772,38
25932818,8
25971937,30
25998721,40
26014432,3
26073968,25
26092039,11
26092301,1
26146582,26
26149279,29
26171717,21
26183339,23
26191119,27
26199322,43
26213919,27
26217219,19
26219759,8
26222348,18
26236790,6
26241932,25
26279932,45
26293842,39
26295389,39
26299641,1
26306611,3
26318492,13
26320119,1
26323124,1
26326062,20
26329024,22
26337214,15
26340296,13
26361227,1
26362142,25
26364033,20
26370346,27
26372896,29
26380163,3
26427733,15
26462823,36
26600624,25
26602406,3
26606142,5
26613991,0
26622992,22
26629401,0
26648087,3
26651991,40
26691249,27
26708962,7
26712049,5
26722697,22
26722727,20
26730967,3
26764612,1
26791216,42
26792103,12
26804887,3
26820928,3
26869329,24
26891299,27
26900332,3
26903919,37
26912496,0
26925013,8
26926939,45
26928236,20
26939791,39
26939895,40
26979729,6
26998252,8
26999619,37
27022384,46
27026161,39
27031481,11
27041012,35
27041433,17
27064006,3
27092241,4
27099642,39
27112219,27
27119612,27
27120209,21
27128217,1
27138011,11
27144773,19
27166024,3
27168423,1
27169273,4
27182642,1
27182782,33
27197187,1
27199732,41
27199811,21
27211293,16
27223026,3
27225719,38
27227298,42
27228980,28
27234312,23
27236289,24
27269638,15
27278912,9
27278922,33
27282128,46
27290784,29
27291376,42
27292844,25
27294191,27
27294271,27
27296365,26
27314828,33
27334231,31
27347913,27
27364704,31
27369322,23
27371923,6
27374874,19
27387424,14
27396229,1
27397224,6
27428797,19
27442598,40
27474197,6
27482993,39
27523967,40
27591992,8
27613954,38
27614816,48
27629329,39
27644392,31
27661314,48
27672916,37
27682007,7
27702992,39
27703910,12
27712313,19
27776390,4
27792073,11
27794361,15
27823332,18
27828192,18
27901228,28
27912372,47
27926608,3
27927222,6
27927618,46
27939818,9
27940386,15
27972063,4
27974829,4
27993992,29
27997124,19
28033191,39
28033281,15
28068877,46
28082994,10
28092332,15
28095017,40
28101148,14
28127937,48
28128198,27
28142803,15
28146160,3
28147323,23
28149947,27
28166193,9
28169269,2
28188012,7
28192672,1
28192714,5
28194008,25
28199256,40
28201449,14
28202397,7
28202772,7
28212389,39
28213989,27
28217963,25
28221048,12
28221314,18
28228232,33
28229239,33
28231317,1
28232379,0
28242006,28
28242499,36
28244214,31
28269799,39
28277923,42
28279220,25
28292721,9
28294829,39
28299224,18
28301293,17
28317897,21
28326794,19
28326933,23
28339266,39
28438480,49
28490912,31
28492816,31
28499130,44
28601227,49
28623230,3
28629823,20
28698044,7
28706177,7
28721612,35
28722722,41
28723469,6
28726994,6
28733921,15
28770108,49
28777723,19
28806731,17
28833836,33
28839352,38
28860078,7
28881741,14
28922622,39
28923444,32
28927116,6
28929978,41
28937953,8
28939722,19
28942942,0
28946322,0
28948393,33
28965983,38
28994592,30
29009478,49
29010893,49
29021312,39
29029964,3
29049830,11
29077929,6
29090446,3
29097231,37
29098401,34
29111960,12
29112372,0
29112437,4
29117490,42
29119190,1
29122133,23
29126170,1
29136737,16
29136926,29
29138429,22
29142699,2
29148476,6
29161423,27
29163862,45
29168400,2
29168921,27
29176692,6
29192182,34
29193121,29
29208174,19
29208824,31
29221022,12
29221194,27
29221284,39
29222221,27
29222368,39
29223411,18
29223659,40
29223986,39
29224773,6
29226816,39
29227674,42
29227727,42
29229196,0
29229937,22
29233429,39
29239238,10
29239310,29
29247233,32
29249225,34
29258832,26
29262321,0
29276822,18
29281277,48
29282923,29
29289962,10
29292121,22
29292689,0
29296121,27
29297274,39
29297991,6
29298829,0
29303782,23
29306140,34
29327989,0
29328762,42
29332222,18
29333264,32
29337291,42
29337992,24
29352778,40
29363924,18
29383011,49
29389822,39
29390997,0
29392077,29
29409979,6
29410343,11
29411241,29
29412624,29
29417523,40
29424739,37
29427376,32
29441222,31
29493220,24
29607337,12
29611020,12
29613183,16
29621331,27
29622243,36
29637312,42
29643441,27
29658486,8
29662280,7
29672992,39
29689353,40
29690533,40
29692992,29
29699327,39
29712739,6
29723217,4
29727429,19
29728926,33
29729222,6
29740763,3
29763264,0
29763731,17
29772414,6
29773127,22
29787992,42
29791368,27
29797519,8
29799913,27
29808291,29
29812123,17
29819173,6
29824003,24
29826972,39
29831872,9
29842173,1
29853309,8
29873668,46
29888211,46
29896971,0
29912134,16
29912377,39
29912413,39
29927211,6
29932812,1
29933307,42
29933314,39
29933676,6
29948361,22
29960312,3
29963221,18
29981133,22
29982021,10
29984237,39
29987619,39
29992226,39
29993117,29
29999149,10
29999160,1
29999757,40
30068741,49
30082267,28
30103221,34
30121024,11
30122711,16
30126213,17
30129133,16
30129912,39
30149918,16
30160266,3
30187261,46
30188136,12
30192262,3
30222266,3
30231231,12
30243319,34
30288633,3
30292816,49
30329328,23
30381938,27
30423621,3
30493166,3
30612198,45
30613439,3
30614933,45
30632130,17
30642912,9
30772688,49
30787978,11
30833623,23
30882495,8
30892629,7
30942362,12
31024808,12
31092382,11
31099992,9
31109244,16
31123268,1
31133242,47
31147728,1
31148143,5
31163134,23
31173294,27
31181323,16
31193270,12
31193623,27
31198049,14
31203789,22
31209068,7
31211294,16
31212897,29
31218293,9
31224933,5
31231634,45
31234496,27
31241946,16
31242239,23
31244232,36
31246683,16
31270326,23
31283716,23
31288331,17
31292093,11
31292391,27
31293290,27
31311322,16
31312213,23
31321294,27
31322490,24
31324928,14
31329179,47
31333349,24
31337321,16
31343949,34
31346271,16
31361163,47
31361820,45
31399362,23
31409431,11
31438171,32
31449241,32
31466797,27
31468122,14
31469601,3
31477818,48
31492301,11
31537109,40
31606042,24
31609016,45
31624283,36
31632391,9
31632832,45
31672949,42
31693814,27
31722091,35
31722873,15
31731982,27
31741429,31
31764179,48
31789212,17
31802439,14
31809029,27
31821332,16
31830672,16
31832862,1
31832891,16
31834064,49
31859374,8
31870664,3
31892297,16
31901119,12
31911192,27
31911326,27
31912123,16
31929762,48
31939133,23
31941147,42
31947375,40
31960482,32
31982771,43
31999800,44
32012189,11
32022431,15
32027923,6
32028281,28
32032844,36
32049864,14
32061319,11
32069394,11
32072436,11
32072811,12
32080102,7
32083779,42
32111113,15
32120228,7
32122313,24
32122473,25
32126334,32
32126424,32
32126823,3
32127731,17
32128239,27
32132277,47
32134728,13
32139549,40
32146643,32
32162468,14
32163239,10
32180994,37
32183039,24
32199329,39
32208824,36
32214819,27
32216222,1
32219953,8
32221809,15
32221919,1
32224959,8
32226127,19
32229124,18
32229313,16
32229666,45
32230261,11
32238932,10
32246107,3
32249234,36
32260496,3
32263969,1
32269321,43
32283371,24
32293931,23
32294439,25
32294913,17
32297027,6
32297314,13
32302239,15
32302677,24
32309146,0
32313962,23
32314191,0
32315999,38
32318332,15
32319269,44
32328226,15
32330861,49
32331299,39
32333222,18
32339326,23
32368333,23
32371241,15
32371993,34
32372910,16
32372998,6
32373796,45
32390337,15
32392021,39
32393222,18
32397223,6
32419192,29
32421262,20
32424243,23
32429214,0
32429496,39
32433610,23
32439993,10
32442262,15
32462267,1
32466394,13
32467249,39
32471820,14
32478229,46
32492031,27
32498972,4
32569348,38
32597203,8
32628663,1
32629230,25
32630487,3
32691479,27
32691722,6
32692402,3
32699397,24
32712966,1
32727339,4
32733111,35
32738013,33
32743726,24
32776323,23
32789409,32
32790370,11
32796433,45
32796472,39
32799141,9
32799537,8
32807043,7
32808723,28
32812222,47
32812440,14
32820283,11
32822167,41
32822921,1
32822943,37
32823843,32
32831384,1
32832213,23
32834398,39
32842426,14
32843212,32
32860112,12
32871216,45
32890665,8
32892246,29
32898289,10
32906203,3
32918841,27
32919073,11
32919293,2
32922367,24
32929619,0
32931881,47
32931961,43
32932027,11
32940663,15
32949384,31
32951622,30
32962119,43
32972876,4
32972924,0
32979814,27
32980192,12
32980213,29
32987013,7
32989420,11
32989823,0
32992006,3
32993013,11
32993493,25
32999732,10
33012313,11
33019436,45
33023321,17
33028963,49
33029233,11
33096936,3
33110272,35
33114233,23
33120893,23
33136271,19
33142093,23
33142221,1
33173717,35
33179394,6
33191267,23
33202806,3
33210162,3
33210481,34
33210929,11
33216298,27
33222644,31
33224288,33
33227244,36
33229141,32
33239114,27
33241712,1
33266293,23
33269280,20
33269732,37
33272933,15
33282984,13
33292732,0
33292951,8
33296392,23
33310188,23
33311939,2
33313383,23
33317870,48
33322296,39
33323011,23
33334912,16
33336221,23
33338238,23
33339212,23
33362222,18
33379183,35
33382928,15
33390204,11
33390232,39
33401714,16
33420634,13
33427293,10
33427612,25
33434286,32
33437872,23
33447913,5
33460224,31
33473123,47
33499139,27
33614249,13
33623113,23
33632198,23
33639409,31
33644223,23
33661173,35
33682222,24
33708671,34
33711149,2
33721222,19
33724423,23
33727863,15
33728902,23
33741203,11
33798259,40
33810119,27
33812081,49
33832121,16
33836494,32
33873291,16
33896012,2
33902288,23
33920221,27
33922474,24
33927123,1
33929435,8
33931771,23
33963817,17
33966496,45
33971882,9
33977282,6
33984109,27
34064896,3
34080732,11
34111211,21
34117295,8
34123843,15
34124901,27
34163883,23
34164189,32
34179138,16
34179314,27
34197612,41
34212360,27
34222436,13
34222912,24
34222925,26
34249631,17
34271328,25
34275692,8
34283199,44
34289714,13
34292111,36
34301967,45
34369299,15
34377297,31
34412292,18
34420304,32
34432232,13
34433849,14
34632227,1
34643284,3
34739921,44
34768890,14
34769792,19
34774439,6
34782169,6
34824420,14
34904764,11
34908216,28
34911277,27
34928111,10
34948626,14
34973611,4
35127267,26
35192919,38
35339383,30
35373392,40
35374298,40
35632629,8
35639988,40
35679232,8
35691836,30
35799338,8
35894744,8
36002427,3
36129395,40
36131313,23
36132829,15
36137432,16
36161992,0
36216274,20
36216693,27
36216913,17
36219302,39
36223297,24
36230129,29
36234722,45
36243721,32
36243926,36
36260902,15
36293122,45
36319919,2
36324367,15
36327290,24
36329031,3
36329079,11
36329127,27
36330229,11
36391206,3
36391992,27
36402831,7
36411371,16
36429360,23
36448124,14
36492412,31
36496182,14
36602662,3
36637114,21
36671623,45
36690231,23
36720392,10
36723382,27
36724746,36
36760922,3
36826902,1
36831811,17
36832433,32
36838160,23
36861723,24
36888029,45
36923631,45
36930286,45
37008287,7
37032779,6
37109199,6
37112928,29
37138107,21
37142193,32
37173309,23
37173622,19
37193918,27
37202218,7
37203119,17
37212339,2
37212692,39
37232014,48
37233272,23
37239111,9
37248732,19
37249223,39
37264260,19
37289294,4
37294398,39
37296298,0
37299254,8
37299864,13
37312322,35
37314969,13
37324782,23
37342872,13
37372612,20
37374732,19
37380444,32
37382241,32
37386940,7
37390873,23
37413091,2
37424283,13
37426132,13
37467031,11
37484240,13
37623197,21
37639278,19
37661720,16
37673209,11
37697719,16
37722493,4
37829486,10
37836363,45
37898271,42
37904193,11
37922216,17
37929335,40
37965192,8
37972332,23
37980882,7
37992102,0
37999393,6
38023204,31
38024387,33
38042602,36
38111133,16
38111919,2
38112191,17
38129892,39
38132042,31
38143029,17
38181182,46
38212603,46
38217691,41
38219971,6
38220629,12
38220790,25
38224213,14
38238866,21
38240243,14
38242243,15
38270312,11
38271868,15
38290649,3
38291961,44
38295173,40
38301691,11
38319426,22
38322767,19
38324090,49
38328302,23
38343262,31
38349313,23
38372233,23
38373631,17
38379121,16
38386428,33
38418323,23
38424323,23
38436783,13
38443117,14
38468229,24
38622626,45
38749916,27
38771238,23
38791993,27
38821143,31
38839828,15
38842279,6
38892742,6
38922601,7
38933320,23
38990625,38
39027928,39
39036218,23
39054422,8
39072141,27
39082039,7
39113928,24
39116287,35
39126127,15
39126478,1
39127718,6
39129312,25
39133393,27
39137219,34
39137912,27
39144123,9
39163010,12
39169287,44
39171633,6
39197221,45
39207816,29
39211313,29
39213245,26
39214922,39
39221728,2
39221902,0
39223102,47
39232205,38
39234306,39
39263172,1
39265329,8
39269223,18
39275226,26
39281949,31
39282367,42
39289214,17
39289281,43
39291328,15
39292272,4
39295928,8
39297466,39
39298367,6
39311947,47
39321332,23
39327913,6
39329328,0
39333927,37
39338238,23
39346311,5
39364833,13
39392790,29
39399012,27
39424612,27
39431728,13
39432709,6
39443126,1
39456314,40
39488246,14
39490329,36
39492194,9
39494070,4
39539329,30
39572717,8
39614874,14
39618937,6
39620289,20
39623739,4
39629126,39
39629216,44
39676416,16
39694789,45
39699322,29
39708721,4
39718111,21
39722392,42
39748062,12
39767922,39
39779972,6
39779978,42
39799267,39
39799304,6
39813240,14
39817331,35
39826071,41
39846736,6
39881230,7
39896143,32
39904274,42
39910683,2
39922239,0
39932201,11
39939233,39
39939292,15
39959629,8
40122241,34
40132940,11
40166643,3
40182692,0
40204822,36
40223281,49
40226229,39
40232921,27
40233347,32
40341217,24
40396881,49
40489311,14
40489842,14
40703442,25
40792919,6
40833332,11
40867828,14
40888439,7
40899416,7
40939838,23
41013317,16
41029919,0
41071486,34
41078431,5
41081892,34
41098379,9
41142811,14
41161710,12
41164321,36
41178238,5
41187321,5
41211322,1
41222964,37
41242419,31
41262279,19
41262319,15
41263727,41
41269103,12
41271982,31
41288422,33
41297393,27
41328292,36
41328723,47
41342312,15
41346992,17
41349689,27
41401726,3
41420294,44
41426349,32
41473963,13
41569129,38
41596143,40
41607982,5
41662772,5
41690327,3
41692234,18
41717199,21
41731398,2
41804213,31
41831932,36
41892939,27
41910912,1
41917884,2
41918911,9
41921132,31
41922273,24
41922337,17
41922721,27
41960918,49
41962356,40
41968199,2
41972837,9
41976719,4
41996613,2
42012943,1
42017949,39
42022631,1
42033492,13
42092201,0
42099383,37
42112693,22
42119171,5
42121691,2
42122782,46
42122809,7
42123941,16
42129983,2
42169370,11
42206292,25
42211984,1
42212441,31
42214108,46
42216037,15
42219738,6
42221294,18
42222712,19
42222997,42
42223963,39
42227283,24
42229217,19
42233413,1
42239229,24
42246036,3
42248406,12
42262131,18
42269182,27
42272227,36
42275919,40
42281379,27
42286646,20
42289523,30
42291622,9
42292720,39
42298839,0
42299621,27
42308248,49
42311282,1
42318710,12
42319222,1
42322211,18
42322948,0
42338223,15
42343262,24
42376183,19
42392239,31
42396972,31
42399162,31
42434323,25
42568693,40
42622221,31
42628112,33
42632429,31
42672021,3
42673394,23
42682237,19
42710819,7
42712213,21
42712934,29
42724328,31
42732121,36
42732212,18
42778264,14
42784122,5
42799294,31
42830301,12
42832791,14
42841321,14
42842232,36
42859427,8
42894278,14
42911238,5
42919942,39
42920964,0
42921287,39
42921747,27
42922312,10
42930429,0
42932202,12
42939727,6
42946952,40
42972297,39
42976171,6
42993230,11
42999425,8
42999792,3
43022380,11
43091810,7
43106909,3
43116291,44
43119722,1
43121263,31
43121294,0
43122328,25
43122939,23
43137233,13
43144629,5
43163019,3
43193423,27
43199252,40
43204236,31
43212972,36
43212983,5
43219132,32
43227721,1
43227991,42
43233812,13
43275972,40
43281697,27
43282841,47
43292064,0
43319461,27
43326273,45
43346423,45
43362290,31
43399242,39
43423232,31
43426122,31
43493112,1
43624422,31
43634908,11
43642210,27
43732903,4
43784112,35
43787391,4
43801362,2
43808230,15
43808338,7
43812229,31
43813209,27
43829474,31
43860130,11
43921819,16
43933320,23
43938369,23
43939238,32
43943629,31
43971922,39
43973222,29
43978852,8
43981111,27
43993793,4
43996747,32
44082281,49
44092631,3
44108840,14
44136829,24
44149291,39
44149597,40
44223109,43
44223728,13
44225891,40
44229330,24
44241643,5
44278323,13
44312196,2
44327336,36
44332222,36
44409501,40
44417909,27
44441120,31
44549432,26
44621743,31
44622311,20
44633872,1
44674648,14
44708199,5
44720186,33
44721623,31
44740992,39
44764643,13
44773872,14
44815189,30
44842713,46
44872689,41
44891211,27
44912157,8
44938032,33
44961703,27
45139049,40
45649204,40
46028329,15
46044038,14
46122619,27
46170317,12
46217374,5
46219126,37
46227174,35
46233890,7
46247289,31
46269721,29
46289146,0
46296342,15
46323036,3
46326179,13
46326193,31
46334211,1
46342229,45
46392398,31
46411633,45
46423269,36
46430411,17
46470103,11
46489947,14
46493081,11
46493281,27
46608617,3
46702898,7
46712302,15
46722292,39
46730069,3
46749278,14
46799262,4
46892944,39
46901932,3
46916777,21
46919679,27
46952316,8
47111621,41
47119903,11
47183222,33
47189325,8
47193238,6
47200741,36
47219292,31
47227291,44
47227399,31
47273912,39
47279932,6
47293397,6
47394636,6
47434632,25
47437842,25
47487182,31
47602921,27
47617066,21
47722339,37
47746119,35
47791237,35
47817288,31
47912737,27
47920282,6
47928381,2
47929261,18
47929264,39
47929676,6
47930790,4
47932922,39
47972921,6
48003474,28
48030492,11
48176334,13
48182646,36
48207863,33
48228012,36
48229119,27
48239274,14
48240248,14
48263839,31
48278183,14
48283429,36
48291972,31
48298531,8
48298644,14
48397343,14
48409636,49
48422128,31
48427289,31
48430292,11
48432242,14
48519934,38
48622304,49
48626921,14
48729110,5
48811033,7
48821922,39
48828312,13
48902435,8
48916380,14
48917927,4
48923417,1
48931729,39
48932149,5
48932385,40
48942293,22
48993438,32
49029221,31
49090396,11
49113228,16
49121362,5
49129284,31
49131023,47
49131298,31
49163124,0
49172436,1
49190683,3
49192797,27
49193523,30
49203047,6
49229193,0
49232911,36
49243008,7
49249212,31
49257992,39
49263139,45
49284043,14
49286808,7
49289420,7
49291727,21
49299144,2
49333279,6
49346514,40
49349122,31
49351309,40
49392433,39
49409928,49
49412832,39
49441711,42
49461083,3
49470251,38
49534972,40
49612121,31
49635410,8
49665799,8
49676925,40
49701189,4
49711626,27
49720298,29
49741632,45
49749797,0
49763232,6
49788431,5
49797922,37
49822298,37
49830692,3
49868022,0
49884183,14
49902679,39
49904193,27
49915134,8
49929126,27
49961411,2
49972367,42
49972727,31
49979246,0
49992599,40
50309992,40
50933192,40
51282129,38
51399169,40
51619298,30
51699219,8
51713992,40
51729231,8
51971896,40
52127920,8
52148899,30
52261799,40
52286119,8
52290922,26
52309946,26
52424961,40
52482199,40
52824972,26
52932769,8
52973603,40
53192462,8
53198132,8
53642932,40
53721929,40
53893307,8
53917447,30
53939382,30
54237292,38
54296822,38
54318489,8
54612119,40
54942746,8
54948311,40
56469986,40
56826949,8
56931896,40
56999112,38
57322996,8
57896893,8
57947297,30
58417949,40
58922274,40
58932489,40
58991822,8
59026992,8
59122844,30
59129892,40
59131126,40
59143013,40
59181812,8
59199998,8
59212719,30
59282240,40
59322429,8
59399392,30
59421280,38
59442099,40
59692677,40
59693998,8
59714903,8
59722192,38
59834978,8
59919894,40
59996411,8
60032221,20
60212326,11
60222726,1
60229432,12
60246906,3
60276804,7
60279744,3
60282712,7
60311931,3
60382618,3
60432137,3
60591923,30
60693060,3
60699812,3
60738017,35
60747962,19
60822339,39
60912822,49
60943066,3
60995228,8
61012072,3
61039292,11
61112994,27
61139123,1
61173623,23
61203132,16
61206222,1
61212217,48
61221242,36
61222129,27
61222910,39
61224131,36
61224269,29
61229169,9
61232133,17
61243341,17
61269692,37
61281924,20
61283920,1
61299711,6
61323064,11
61329121,27
61342138,16
61348281,27
61354799,8
61387380,34
61389239,45
61392460,16
61462331,17
61604116,3
61628210,28
61631191,17
61688902,29
61689921,27
61729036,2
61782297,27
61814073,34
61829263,2
61831661,45
61871022,34
61898121,29
61924231,2
61934927,6
61956394,38
61983184,27
61985226,40
61988815,40
61992643,37
62001204,12
62022396,3
62029442,3
62033606,11
62034918,14
62094992,36
62104874,7
62109739,3
62111036,3
62129215,26
62129683,22
62129761,9
62130712,34
62133712,35
62137862,20
62166122,20
62182498,10
62183788,33
62200119,27
62217936,0
62222322,18
62223129,29
62229231,1
62229707,39
62232219,27
62232713,17
62232811,1
62233221,15
62263956,30
62264002,3
62268236,20
62270929,29
62272192,18
62277941,0
62291974,2
62294116,27
62297514,30
62299016,27
62307497,3
62311127,1
62314234,15
62322612,24
62323278,20
62328231,1
62329169,39
62329197,6
62374218,19
62378476,31
62391191,2
62394737,24
62398701,27
62399827,20
62430699,37
62499964,31
62548933,8
62561339,40
62598442,30
62611482,33
62617292,20
62626983,20
62628172,31
62629013,12
62631893,23
62633460,24
62662393,15
62670831,24
62683192,46
62694932,32
62697314,31
62732327,19
62737701,19
62762242,31
62792026,3
62796817,27
62821698,46
62833627,45
62841011,3
62849327,31
62862013,11
62900974,3
62902043,3
62912129,39
62912912,1
62919722,22
62921191,39
62922305,30
62922994,31
62923226,15
62932771,24
62936323,29
62942271,10
62984162,27
62993663,29
62998991,22
63094390,11
63103036,3
63112323,45
63142693,23
63170208,3
63193422,29
63197881,17
63208232,12
63212917,29
63219344,13
63222660,3
63229938,23
63233840,11
63239729,42
63241959,8
63242066,3
63249792,22
63270289,7
63290092,45
63299272,29
63299919,27
63307239,10
63324027,11
63332432,13
63338911,23
63362832,15
63392121,27
63395922,8
63402793,6
63421019,11
63449331,13
63472392,18
63492332,23
63591327,40
63630263,3
63712099,9
63719632,23
63721903,12
63723199,6
63729623,4
63740148,14
63770999,34
63793219,9
63803999,6
63862722,19
63918964,9
63921848,27
63928962,39
63971239,0
63999617,27
64062288,7
64124718,14
64194119,2
64241470,3
64246483,14
64273103,11
64292137,5
64292617,2
64292966,22
64317267,48
64324239,31
64402617,3
64414218,5
64424373,45
64440413,12
64488304,7
64678170,49
64746299,0
64806229,1
64868941,14
64921797,42
64926063,45
64944871,4
64972987,14
65339247,8
65361918,40
65430399,27
65632299,40
66132493,45
66186123,24
66191487,48
66229317,20
66248823,14
66312174,34
66313631,17
66352446,26
66371841,14
66383266,45
66393917,6
66591297,40
66624924,1
66624992,22
66626820,20
66713229,27
66723925,8
66727289,6
66791433,2
66801494,7
66809021,3
66809427,14
66833298,45
66849032,7
66933598,40
67119202,27
67129324,48
67146779,14
67199762,6
67202042,3
67213321,16
67219319,15
67221614,48
67223322,18
67229499,10
67249729,34
67274632,13
67324362,13
67441912,27
67493394,23
67529329,40
67627209,18
67732262,20
67742989,6
67746322,13
67794018,35
67800819,7
67820349,3
67889237,0
67919929,27
67921713,39
67957482,40
68088770,7
68093675,40
68099280,7
68193333,45
68213222,15
68246192,27
68262283,24
68266230,3
68281692,22
68296911,1
68297966,20
68311133,17
68320247,25
68322419,0
68332120,11
68332906,3
68391936,23
68394917,16
68490109,3
68593282,8
68697402,19
68708699,49
68721230,7
68729128,4
68767322,19
68846913,9
68882322,15
68928119,27
68972992,39
68985303,30
68992161,27
69009222,12
69014149,27
69022283,28
69096382,39
69134933,47
69170280,7
69173179,48
69181222,39
69191326,27
69192361,47
69193837,45
69198429,39
69199221,0
69212323,23
69221948,39
69242222,18
69243762,39
69269662,39
69272933,4
69272935,30
69273292,10
69276260,4
69292730,11
69292808,7
69326219,39
69329362,39
69330226,18
69342213,23
69375242,8
69392021,0
69395216,8
69398420,7
69467296,25
69542322,40
69611922,2
69618899,9
69626760,3
69630112,27
69661149,27
69682011,1
69692761,39
69708990,3
69760962,3
69775193,8
69799792,39
69817260,3
69817698,48
69840623,3
69879913,21
69897276,42
69898005,30
69898126,2
69920039,3
69929791,39
69930216,9
69931231,25
69956840,8
69977211,35
69980471,5
69983921,44
69987409,14
69994671,27
70034696,3
70039431,42
70110113,16
70140981,21
70202987,7
70213971,35
70223323,24
70233937,6
70286630,7
70287829,12
70317833,35
70387422,36
70497322,4
70693422,12
70697223,12
70727907,0
70732272,19
70791090,6
70961674,5
71024173,48
71117236,16
71174769,48
71190439,11
71192031,21
71196971,27
71199292,21
71212489,41
71219490,35
71226129,42
71230391,9
71233324,1
71239883,6
71271401,1
71273843,21
71279826,46
71279919,27
71281139,47
71283926,19
71291223,27
71292796,4
71299798,37
71299948,27
71307317,17
71311731,21
71312690,1
71313343,13
71322312,19
71323483,23
71339811,47
71364834,14
71386197,21
71419608,3
71421972,27
71424461,5
71458692,30
71481299,27
71483783,14
71493256,40
71493539,8
71629913,6
71633662,24
71636982,21
71681989,6
71719223,21
71721219,35
71721968,0
71781999,2
71792438,1
71793271,35
71882929,39
71924231,29
71928722,41
71929842,27
71933068,3
71935962,8
71938233,23
71962216,27
71966292,42
71966399,6
71970314,34
71972149,21
71973431,42
71979377,48
71981723,27
71994233,27
72013428,11
72021162,3
72030129,4
72030999,0
72049823,10
72085194,40
72088311,24
72099621,29
72112792,6
72118439,42
72132923,2
72161117,1
72162941,27
72181043,31
72199183,48
72208467,49
72209131,34
72214862,31
72214922,19
72219108,33
72229336,23
72232593,40
72237684,31
72238314,13
72239603,20
72263302,11
72263362,20
72271943,43
72279658,40
72281942,25
72288149,41
72297129,41
72298113,46
72312771,21
72321274,19
72322209,4
72323411,48
72342293,13
72346162,24
72364399,13
72391281,39
72392223,42
72416202,31
72460224,18
72539331,8
72619127,42
72619218,6
72626917,22
72632713,23
72672071,19
72700692,3
72716992,35
72722336,18
72723164,35
72728396,6
72734212,41
72766314,20
72772917,41
72826176,21
72826629,39
72904212,12
72913961,6
72913995,40
72914092,6
72923422,19
72926469,6
72926492,6
72943366,23
72958322,38
72961186,1
72961319,6
72978293,24
72991813,9
72991916,9
72998392,39
73112819,19
73113264,36
73124132,24
73129246,22
73129812,35
73139407,42
73139789,42
73143422,23
73191720,22
73208893,11
73212433,23
73222020,19
73224218,5
73228028,0
73229281,35
73236329,10
73236920,20
73272280,46
73277199,4
73281248,32
73284683,15
73292200,11
73293284,25
73293839,6
73311129,27
73314068,5
73324678,33
73328037,49
73336673,45
73346826,45
73391194,16
73399147,6
73399613,16
73429218,31
73469383,13
73544498,40
73563934,40
73592879,8
73596492,8
73602291,6
73612917,6
73616189,27
73622727,19
73629060,3
73639245,8
73673366,45
73702441,12
73721942,10
73737189,42
73793462,13
73794622,6
73812529,40
73812612,48
73819932,23
73889996,4
73904384,6
73923847,27
73924917,27
73939001,4
73977939,23
73997812,21
73999269,24
74102622,11
74102772,18
74120946,31
74133939,23
74141239,27
74143223,48
74149127,27
74212683,45
74212771,1
74224842,36
74281792,37
74296779,42
74297946,4
74300913,11
74317232,36
74319871,6
74369122,42
74401148,5
74617219,4
74623022,25
74633324,13
74711147,48
74737926,4
74771609,42
74814802,1
74836728,19
74846190,27
74861229,46
74901339,17
74921921,6
74934933,13
74949773,6
74962126,2
74994112,25
75296197,40
75339932,8
75491919,38
75718919,40
75992273,8
76010062,3
76033099,3
76096428,3
76100224,12
76116993,6
76120699,12
76123181,16
76192623,35
76219111,27
76243323,45
76268421,18
76269772,19
76278293,42
76279629,6
76293231,45
76347397,42
76392701,25
76427222,31
76427399,6
76629891,2
76662922,25
76672893,45
76678071,35
76729222,19
76792173,37
76819096,27
76822319,6
76874421,14
76881102,7
76916713,6
76951927,8
76972492,31
76986119,44
76992638,25
77046298,3
77114026,35
77123383,47
77141020,48
77141219,0
77171998,6
77192148,6
77239613,4
77241617,34
77270178,19
77293812,46
77297429,6
77302993,6
77319122,6
77322639,19
77329172,4
77421119,9
77422287,19
77427159,8
77489289,6
77621131,41
77632524,26
77662349,42
77769892,6
77804792,42
77842293,31
77912711,44
77921680,6
77926622,19
77948397,6
78006931,11
78067968,7
78119426,48
78122299,21
78129923,39
78139183,27
78139771,27
78167123,19
78179266,4
78189299,4
78192192,9
78196620,20
78201810,49
78222972,0
78227293,42
78229190,27
78229474,6
78239227,42
78253982,38
78262266,46
78283212,46
78323422,18
78393232,39
78422969,39
78449362,32
78491088,49
78632216,21
78663010,3
78681094,3
78698982,6
78719376,6
78724922,31
78829319,4
78838247,14
78880103,49
78892069,7
78917412,27
78921111,1
78921571,8
78937967,42
78953699,8
78953724,8
78959224,8
78968226,46
79021974,4
79021999,27
79032422,11
79072770,6
79076633,23
79076777,3
79096282,6
79129330,27
79131872,21
79139777,21
79171728,21
79187203,35
79193292,24
79210227,12
79212321,47
79213484,14
79214920,9
79221989,39
79222119,6
79226215,30
79229124,39
79229711,48
79232472,25
79232596,8
79233292,19
79266208,3
79282020,49
79288039,19
79291493,25
79297672,41
79315221,40
79323222,25
79324679,39
79328442,42
79409122,39
79432411,5
79469032,3
79483184,16
79498859,8
79512931,8
79591790,30
79622332,24
79624612,27
79682322,41
79683267,29
79781893,43
79790167,4
79799027,41
79804336,3
79820322,29
79822914,27
79823158,8
79827332,42
79839897,4
79869526,40
79915787,40
79916133,4
79923562,8
79942283,42
79967758,40
79968898,6
79972162,39
79973732,4
79974019,9
79982491,29
80116932,27
80118979,7
80166002,3
80227192,19
80231132,7
80268692,3
80308639,49
80348014,49
80349245,40
80398204,7
80399121,1
80448092,14
80620113,7
80624160,3
80666322,45
80671374,39
80782061,7
80782469,49
80789389,42
80821262,3
80829896,7
80847198,6
80863143,49
80948392,28
80997319,27
81027394,7
81122232,33
81131792,17
81219999,43
81220362,3
81220939,12
81222976,19
81232692,10
81240724,7
81269091,27
81271119,42
81289008,34
81289076,42
81289222,33
81296206,3
81313733,46
81314732,1
81329046,46
81333781,23
81339935,40
81361373,23
81396717,27
81409682,27
81417639,14
81432228,14
81441049,7
81443426,17
81622439,24
81629113,17
81690237,7
81692229,39
81704381,12
81721893,27
81732769,35
81807282,33
81832389,46
81839309,11
81912064,27
81918122,1
81920304,11
81920633,45
81922760,1
81923611,27
81931276,35
81970192,2
81976906,27
82016964,12
82030203,11
82051792,26
82082366,3
82088131,7
82090232,24
82092217,27
82114308,5
82117123,21
82119129,2
82121287,46
82122781,33
82127397,6
82137829,35
82138131,47
82139241,2
82140273,24
82147992,42
82162322,18
82163111,17
82163142,46
82170093,7
82191462,1
82193912,17
82197622,20
82208273,7
82210728,7
82214298,18
82216111,18
82225394,38
82227026,1
82227129,6
82231292,22
82232140,31
82232886,18
82274418,31
82276797,6
82291299,0
82291801,7
82292914,27
82293419,15
82293922,39
82300224,12
82302201,18
82304379,6
82322231,24
82329499,46
82331602,12
82339381,33
82341720,11
82344127,25
82368316,16
82387897,33
82393391,44
82393619,39
82412742,36
82423196,39
82436329,24
82437019,7
82446919,27
82482309,7
82489719,6
82496277,0
82498926,14
82601048,34
82609212,27
82616039,27
82619192,0
82663620,3
82666720,20
82667923,6
82697271,19
82706812,7
82729962,39
82736892,24
82797210,6
82803668,3
82812806,20
82820838,7
82830223,25
82845892,38
82866212,46
82872958,8
82895236,8
82897169,46
82897632,15
82898421,27
82911298,10
82918316,47
82929433,24
82939312,24
82943782,24
82946273,6
82962980,37
82971118,48
82978942,39
82979161,27
82982222,18
82999492,31
83020493,28
83021329,27
83029294,39
83037496,23
83038114,12
83069121,27
83081288,47
83117664,5
83121234,13
83121916,16
83139701,27
83141401,11
83164217,16
83169361,45
83170207,12
83179620,45
83210426,12
83212038,11
83222261,1
83222491,36
83244249,22
83249324,39
83249448,39
83249724,31
83273211,15
83291092,0
83296472,31
83304311,23
83310921,23
83319124,23
83326624,14
83362002,3
83412673,17
83419034,23
83461194,9
83472633,13
83479324,23
83493816,16
83493821,2
83499827,4
83622831,25
83624778,14
83727621,21
83729493,6
83791048,11
83798220,22
83847178,32
83884116,16
83909289,0
83922914,10
83932890,11
83949732,25
83973121,17
83978161,42
83990222,24
84012223,18
84020486,3
84032611,16
84189602,3
84212481,46
84219943,0
84221493,17
84270346,11
84291923,39
84292617,19
84317250,26
84324122,33
84337964,23
84364226,36
84373228,31
84396591,40
84426418,14
84433138,17
84689901,7
84722203,46
84727041,12
84844791,27
84929190,14
84938312,17
85211693,8
85229817,8
85331391,40
85693992,8
85816926,8
85890129,40
86032822,20
86049312,31
86082893,49
86116940,9
86121239,27
86143007,12
86172991,39
86173862,25
86213132,45
86219241,10
86222192,1
86224192,36
86235798,40
86273041,3
86294920,31
86399620,33
86402481,14
86429609,20
86603396,19
86611243,32
86621192,27
86665996,40
86761901,2
86779323,6
86781912,21
86790136,28
86801796,3
86829992,0
86872321,45
86913960,3
86923830,3
86924212,39
86969703,3
86972408,28
87039327,4
87063833,11
87087372,25
87091391,16
87102840,49
87121994,5
87125989,8
87142398,46
87163274,35
87209223,18
87211142,36
87212912,44
87223229,6
87231492,42
87231627,24
87243738,23
87252966,8
87272229,42
87304642,49
87319124,15
87319802,34
87347799,27
87363024,15
87390366,3
87593822,8
87629894,6
87673659,8
87727409,19
87822920,49
87842910,34
87912989,9
87918729,46
87922301,11
87924494,42
87931221,48
87943322,10
87976321,39
87989537,40
87992998,29
88002433,7
88099317,34
88122497,42
88141380,14
88174269,6
88179996,27
88187226,46
88218073,28
88224931,32
88229201,34
88233206,1
88248018,49
88279982,4
88281272,46
88297211,43
88298973,33
88396622,39
88416120,7
88591978,8
88634123,5
88677991,42
88721801,7
88748412,14
88779463,42
88792220,12
88829977,42
88865393,30
88916983,27
88937284,6
88942871,39
89026176,27
89029121,27
89029622,39
89069352,8
89123242,31
89127118,6
89131792,6
89135961,27
89141222,5
89147286,5
89149042,49
89187372,42
89191153,38
89197097,9
89222338,15
89246102,7
89262630,3
89269741,14
89272303,12
89278413,13
89310272,24
89312216,2
89317187,35
89337612,27
89380491,49
89399422,31
89412673,42
89432713,16
89472322,29
89518293,8
89591303,38
89681969,9
89702282,49
89707112,21
89716281,45
89718259,38
89730419,2
89769332,29
89801323,7
89819122,27
89829141,39
89849423,14
89876069,49
89876892,39
89882292,39
89895947,38
89932392,29
89939311,27
89982317,27
90008243,24
90018143,13
90083127,49
90123122,37
90127993,22
90132323,25
90149231,10
90160211,0
90211198,12
90221128,27
90236161,0
90238206,7
90276110,12
90277689,7
90278212,49
90292292,29
90371128,16
90391111,27
90431212,32
90472103,47
90492264,31
90497348,7
90601284,31
90628784,3
90643462,32
90666242,3
90781274,34
90843408,28
90846229,14
90868274,6
90897734,49
90938749,7
90985229,8
90987327,11
90992112,10
90997269,4
91016172,3
91032223,11
91109649,44
91111990,27
91113499,2
91117746,6
91122213,27
91122699,2
91126926,44
91129103,12
91129491,27
91133323,47
91139172,0
91142827,5
91159147,40
91173761,44
91179299,27
91182961,27
91209184,27
91213345,40
91214379,27
91217212,9
91218415,8
91222224,0
91222791,6
91226178,1
91226669,20
91231161,27
91231222,27
91232659,40
91232693,25
91233743,31
91233922,2
91246063,1
91249132,16
91269322,39
91269834,14
91279867,6
91288300,7
91289961,46
91294397,6
91322627,19
91326906,12
91336717,27
91362241,9
91366337,35
91371272,41
91388529,40
91392122,10
91421439,9
91428712,21
91463292,27
91488421,43
91494127,5
91494793,6
91599236,38
91603021,0
91610172,27
91615349,30
91623979,4
91629601,3
91642126,31
91677368,35
91679271,21
91711891,2
91716987,2
91723898,39
91728804,28
91768173,48
91778193,42
91780834,7
91789799,9
91790972,6
91794726,19
91795218,8
91819222,39
91819712,35
91842422,0
91861737,27
91879527,30
91892113,27
91893062,39
91902228,39
91911532,27
91922362,18
91924121,1
91929771,29
91941023,27
91943871,9
91944224,29
91957793,38
91959928,38
91962013,27
91965897,40
91967339,6
91982673,27
91986111,27
91988477,6
91993237,17
91998853,40
91998975,40
92011227,48
92029217,27
92031337,16
92032628,37
92036866,3
92038204,49
92053939,40
92082689,49
92098338,15
92109767,6
92111031,27
92115789,8
92122417,1
92123418,31
92123723,48
92123892,24
92124591,38
92131223,27
92138177,2
92167326,17
92174385,8
92181638,27
92183796,35
92188313,44
92194942,27
92195932,38
92199231,37
92221364,27
92222213,1
92222297,19
92222572,26
92222822,18
92228129,29
92228212,18
92228298,29
92229391,0
92231071,34
92232698,39
92234792,39
92241317,27
92242772,42
92243399,29
92260422,39
92272098,39
92277234,41
92279033,6
92280622,3
92281864,5
92282342,24
92287332,42
92291135,40
92291192,18
92291224,39
92292211,1
92292473,4
92296812,29
92297907,0
92302234,23
92317289,44
92321330,11
92322219,27
92322621,0
92323913,23
92324119,47
92330926,37
92332226,15
92339481,0
92341301,34
92359327,8
92367023,3
92369022,12
92373072,37
92376208,11
92377123,19
92379691,2
92393766,4
92421112,9
92423133,23
92423821,10
92427839,6
92429184,27
92433768,10
92434328,39
92438922,39
92472978,19
92493223,23
92529872,38
92533242,40
92596333,40
92609727,41
92612208,33
92613130,27
92646728,0
92662037,39
92672392,0
92679226,6
92690213,10
92722392,39
92738929,42
92747299,4
92747983,13
92749237,6
92762447,25
92778290,0
92791117,27
92817689,19
92822248,14
92823691,18
92831381,17
92837232,23
92837778,6
92844638,14
92847317,4
92864112,0
92868940,49
92886943,14
92913129,1
92916912,10
92917369,4
92918316,27
92921392,9
92928367,42
92932219,27
92932249,39
92936723,6
92944443,32
92952699,8
92960121,39
92962982,0
92964122,31
92977221,4
92991210,27
92992739,6
92993294,10
92997147,6
92998238,29
93013383,11
93022064,34
93028064,12
93032929,11
93037830,11
93048921,49
93096497,3
93103632,47
93111519,8
93112129,27
93113143,39
93113222,47
93118267,34
93122312,47
93122691,27
93123348,32
93174626,42
93184767,21
93187723,33
93191491,2
93206211,2
93223922,9
93224213,27
93231311,17
93232197,39
93232668,15
93233727,23
93236331,24
93241123,16
93242363,31
93246326,32
93259263,8
93261083,27
93266252,26
93266694,45
93267531,8
93273391,6
93294269,39
93310237,12
93312292,39
93312344,24
93321122,1
93326039,15
93329194,27
93329223,0
93331492,44
93336825,38
93338335,40
93342322,25
93358421,8
93369434,23
93387372,4
93403664,3
93419162,32
93422638,31
93427870,19
93432920,31
93438728,41
93441221,13
93486012,15
93498018,7
93511904,27
93523991,40
93529131,8
93531238,8
93541831,40
93592842,30
93621248,29
93641293,16
93694288,32
93695947,30
93697802,39
93699301,11
93722224,39
93752483,26
93752994,30
93786303,6
93794214,16
93798261,9
93799522,40
93802168,49
93815982,8
93817717,27
93822667,39
93823782,6
93889291,27
93911226,9
93912147,5
93914372,4
93922222,25
93923644,39
93927581,8
93937427,29
93946133,32
93962167,27
93972171,27
93976344,6
93994272,37
94002281,31
94011342,43
94020193,31
94112683,31
94119726,27
94121909,29
94127193,35
94129061,43
94152299,30
94161612,2
94191379,5
94214928,2
94221313,31
94222731,24
94223124,9
94228860,49
94229369,0
94232282,29
94234922,0
94247139,47
94249273,32
94276280,6
94279225,40
94292790,31
94292992,22
94299722,6
94312482,24
94320163,11
94321418,27
94322908,11
94327934,31
94328126,31
94360230,3
94372579,30
94391928,27
94423321,39
94433061,9
94479697,6
94548723,40
94599231,40
94604121,0
94623626,20
94623798,6
94631732,27
94662369,39
94682272,18
94692224,20
94711679,43
94722671,35
94741895,8
94742962,42
94759998,8
94792073,42
94792971,21
94827936,0
94908796,42
94916373,27
94921096,29
94939937,23
94947762,6
94952438,40
94973223,4
94986106,27
95023239,8
95042391,38
95122876,8
95139321,38
95146142,30
95192962,26
95223767,8
95247143,8
95297476,40
95429299,30
95432713,40
95622792,8
95723492,40
95798692,38
95816629,40
95869992,8
95912683,30
95992138,40
96092086,7
96112881,9
96123269,22
96123921,39
96127249,4
96132008,11
96136029,1
96173239,43
96181451,8
96197539,8
96211346,27
96212016,3
96212224,29
96220899,3
96229349,25
96232199,10
96237221,22
96238019,28
96242633,45
96274120,31
96281592,30
96299992,39
96369185,40
96377275,40
96397228,15
96397623,6
96478302,7
96494724,6
96583396,30
96621628,1
96623724,1
96627012,4
96633229,34
96670896,49
96699760,3
96813892,2
96891112,27
96979320,6
96983288,29
96987012,5
96992011,27
96993743,13
96996385,40
96996727,42
97022473,6
97023124,6
97042023,11
97047228,0
97110022,12
97116541,8
97129370,6
97143271,19
97143911,27
97153277,40
97158397,8
97192819,27
97193292,2
97199712,4
97199773,6
97203943,31
97218923,46
97219126,10
97224283,39
97226923,19
97230260,12
97279911,29
97284727,39
97285321,8
97291292,6
97293381,9
97297993,6
97303264,3
97319124,31
97328390,11
97332138,47
97341236,45
97361277,44
97362511,40
97363959,40
97389187,6
97391293,10
97406266,3
97416437,9
97434229,25
97436316,17
97488330,32
97511283,40
97569297,8
97703962,6
97718362,6
97812394,39
97821621,6
97829241,35
97851222,40
97870814,28
97889769,42
97894212,46
97914097,42
97917229,39
97922782,41
97939272,6
97947983,4
97968238,34
97979220,29
97991203,6
97995149,40
97998272,4
98011940,44
98110321,0
98113181,46
98127026,6
98129768,6
98143248,14
98149222,22
98165714,8
98199227,4
98203799,39
98205217,40
98209234,0
98223239,15
98229723,39
98231912,39
98232423,36
98239231,0
98243392,10
98248048,14
98263116,27
98268362,29
98277641,6
98292214,29
98294402,39
98323914,17
98373162,21
98396246,13
98396400,11
98411380,7
98412322,31
98462843,14
98471442,27
98494122,14
98523622,8
98528937,40
98624248,14
98636127,27
98678949,4
98728142,39
98737223,4
98782242,42
98791619,6
98809199,28
98909482,49
98918425,40
98924121,27
98927677,6
98936092,7
98976596,8
98978252,30
98989017,9
98992191,43
99019982,27
99027823,28
99037382,49
99041437,2
99082199,7
99112271,2
99123371,27
99128160,9
99128918,9
99131494,27
99134013,23
99141983,43
99180011,27
99182312,15
99187447,6
99199514,8
99212378,9
99212879,39
99221421,44
99222277,42
99226354,30
99227336,6
99232791,29
99239117,4
99242043,10
99244941,27
99262847,36
99274756,38
99276900,0
99279221,34
99281012,7
99282112,0
99292313,39
99292792,39
99296127,27
99308247,12
99321342,39
99323130,27
99324898,33
99344361,13
99362879,6
99364251,38
99397129,42
99419111,43
99429241,27
99444311,2
99473166,27
99477461,42
99481147,42
99494129,27
99533287,8
99563792,8
99608137,11
99620899,0
99621721,27
99621903,39
99625698,40
99691633,27
99693166,27
99702141,9
99715667,8
99721864,42
99722239,4
99732322,4
99734412,27
99741214,41
99773391,42
99780824,31
99791333,6
99812122,27
99824282,31
99834911,27
99841362,31
99848606,3
99870697,42
99914329,25
99918126,27
99922273,0
99922693,15
99939132,16
99940518,8
99949124,43
99972299,6
99987324,19
99993485,8
99995294,40
