课程号,选课人数,最终考试成绩大于10分的人数,总分,均分,难度系数(60/mean)
a0063339,4,4,289,72.25,0.830449827
a0076125,2,1,77,77,0.779220779
a0117683,247,246,18130,73.69918699,0.814120243
a0126188,34,34,3162,93,0.64516129
a0151844,373,287,20381,71.01393728,0.844904568
a0186198,21,16,1166,72.875,0.823327616
a0189771,24,24,1810,75.41666667,0.79558011
a0194005,15,9,651,72.33333333,0.829493088
a0203613,13,13,1031,79.30769231,0.756547042
a0235453,11,4,326,81.5,0.736196319
a0267237,12,12,729,60.75,0.987654321
a0313138,8,6,425,70.83333333,0.847058824
a0342945,212,210,14099,67.13809524,0.893680403
a0346068,151,151,11979,79.33112583,0.756323566
a0348487,54,54,4104,76,0.789473684
a0351540,3,3,184,61.33333333,0.97826087
a0354969,18,4,259,64.75,0.926640927
a0363852,63,59,4163,70.55932203,0.850348307
a0423455,194,3,215,71.66666667,0.837209302
a0453852,52,1,74,74,0.810810811
a0515405,41,40,2757,68.925,0.870511425
a0532072,3,3,237,79,0.759493671
a0577590,6,6,516,86,0.697674419
a0625942,35,31,2638,85.09677419,0.705079606
a0659043,33,32,1994,62.3125,0.962888666
a0832066,15,8,602,75.25,0.797342193
a0844794,6,1,75,75,0.8
a0921275,57,57,3909,68.57894737,0.874904068
a0945512,4,4,173,43.25,1.387283237
a0980782,1,1,82,82,0.731707317
a1042482,29,20,1528,76.4,0.785340314
a1048950,15,14,825,58.92857143,1.018181818
a1101872,28,0,0,0,0
a1162677,27,27,2118,78.44444444,0.764872521
a1170850,44,42,2880,68.57142857,0.875
a1177031,19,12,869,72.41666667,0.82853855
a1194088,90,71,5243,73.84507042,0.812511921
a1198861,113,112,8387,74.88392857,0.801240014
a1200248,61,61,4382,71.83606557,0.835235052
a1204695,120,120,8857,73.80833333,0.812916337
a1214929,1,1,76,76,0.789473684
a1260067,101,101,1630,16.13861386,3.717791411
a1267060,34,21,1461,69.57142857,0.862422998
a1290153,4,4,308,77,0.779220779
a1321616,68,67,4839,72.2238806,0.830750155
a1339717,371,244,18380,75.32786885,0.796517954
a1408211,5,4,296,74,0.810810811
a1416841,7,4,132,33,1.818181818
a1424923,28,28,2151,76.82142857,0.781032078
a1480008,14,12,776,64.66666667,0.927835052
a1495451,35,15,1125,75,0.8
a1554012,95,90,5563,61.81111111,0.970699263
a1556213,10,9,540,60,1
a1778225,65,38,2180,57.36842105,1.04587156
a1783717,60,37,2756,74.48648649,0.805515239
a1789660,4,3,199,66.33333333,0.904522613
a1790267,100,100,7900,79,0.759493671
a1805729,6,5,406,81.2,0.738916256
a1829827,2,2,154,77,0.779220779
a1836052,41,32,1641,51.28125,1.170018282
a1836780,482,478,38331,80.19037657,0.748219457
a1843986,17,15,1052,70.13333333,0.855513308
a1844379,47,46,4125,89.67391304,0.669090909
a1889465,33,33,3102,94,0.638297872
a1895664,6,6,450,75,0.8
a1908549,96,57,4214,73.92982456,0.811580446
a1915028,3,1,70,70,0.857142857
a2016240,10,7,473,67.57142857,0.88794926
a2051364,24,15,1185,79,0.759493671
a2067322,6,6,455,75.83333333,0.791208791
a2080492,307,248,15521,62.58467742,0.958701115
a2090260,15,14,951,67.92857143,0.883280757
a2099142,183,174,11534,66.28735632,0.905149991
a2103793,11,11,1067,97,0.618556701
a2109545,58,49,4018,82,0.731707317
a2109803,29,29,2144,73.93103448,0.811567164
a2201081,15,13,873,67.15384615,0.89347079
a2217083,1,1,71,71,0.845070423
a2259047,68,0,0,0,0
a2266025,2,2,159,79.5,0.754716981
a2285516,66,65,4582,70.49230769,0.8511567
a2295832,2,1,71,71,0.845070423
a2306539,99,96,7114,74.10416667,0.809671071
a2306738,39,39,2995,76.79487179,0.78130217
a2349808,57,57,4385,76.92982456,0.779931585
a2378432,87,87,6960,80,0.75
a2397703,4,3,224,74.66666667,0.803571429
a2418204,48,48,3511,73.14583333,0.820279123
a2462435,169,137,6750,49.27007299,1.217777778
a2464987,94,74,5877,79.41891892,0.755487494
a2478352,1,1,93,93,0.64516129
a2484445,98,98,7293,74.41836735,0.806252571
a2504520,2,2,137,68.5,0.875912409
a2539708,4,3,127,42.33333333,1.417322835
a2582417,5,5,365,73,0.821917808
a2583886,82,56,4727,84.41071429,0.710810239
a2598365,5,1,17,17,3.529411765
a2602478,26,17,954,56.11764706,1.06918239
a2657388,48,48,3202,66.70833333,0.899437851
a2661032,49,49,3636,74.20408163,0.808580858
a2698276,19,15,1087,72.46666667,0.827966881
a2764445,61,61,4298,70.45901639,0.851558865
a2823819,53,46,3179,69.10869565,0.868197546
a2903736,765,737,44858,60.86567164,0.985777342
a2916264,1,1,43,43,1.395348837
a2975888,147,147,11193,76.14285714,0.787992495
a2987129,46,46,3340,72.60869565,0.826347305
a3008145,28,18,1320,73.33333333,0.818181818
a3015618,214,209,15999,76.55023923,0.783798987
a3050387,124,124,9796,79,0.759493671
a3123768,110,107,7122,66.56074766,0.901432182
a3147995,3,3,240,80,0.75
a3203482,4,4,275,68.75,0.872727273
a3222741,18,9,686,76.22222222,0.787172012
a3296027,512,504,35469,70.375,0.852575488
a3302860,43,30,2147,71.56666667,0.838379134
a3333168,18,16,1251,78.1875,0.767386091
a3335160,633,625,44442,71.1072,0.843796409
a3346654,1,1,80,80,0.75
a3346867,189,189,13986,74,0.810810811
a3349516,8,5,316,63.2,0.949367089
a3393169,17,1,79,79,0.759493671
a3417613,38,35,2661,76.02857143,0.789177001
a3419396,2,1,74,74,0.810810811
a3425654,97,97,7469,77,0.779220779
a3427891,13,12,894,74.5,0.805369128
a3456652,32,24,1695,70.625,0.849557522
a3512671,54,45,2891,64.24444444,0.933932895
a3538759,8,8,656,82,0.731707317
a3581276,1,1,77,77,0.779220779
a3613228,10,8,512,64,0.9375
a3615587,5,5,267,53.4,1.123595506
a3627765,23,14,1090,77.85714286,0.770642202
a3789833,34,31,2244,72.38709677,0.828877005
a3803869,1,1,85,85,0.705882353
a3808502,211,200,16620,83.1,0.722021661
a3839807,3,3,183,61,0.983606557
a3847977,102,81,4714,58.19753086,1.030971574
a3885443,16,11,665,60.45454545,0.992481203
a3919399,23,20,1261,63.05,0.951625694
a3936853,123,120,8675,72.29166667,0.829971182
a3938078,4,4,281,70.25,0.854092527
a3950196,47,41,2682,65.41463415,0.917225951
a3955390,27,16,1226,76.625,0.783034258
a4021064,279,272,17831,65.55514706,0.915259941
a4023279,68,36,2826,78.5,0.76433121
a4036477,34,33,2636,79.87878788,0.751138088
a4058350,11,7,542,77.42857143,0.774907749
a4062291,99,89,6503,73.06741573,0.821159465
a4069805,17,13,692,53.23076923,1.12716763
a4080588,3,3,212,70.66666667,0.849056604
a4100139,15,5,234,46.8,1.282051282
a4103803,15,15,1185,79,0.759493671
a4120300,4,2,102,51,1.176470588
a4141045,51,51,3567,69.94117647,0.857863751
a4150875,85,62,4858,78.35483871,0.765747221
a4164645,43,31,2428,78.32258065,0.766062603
a4175359,63,3,125,41.66666667,1.44
a4201007,7,6,473,78.83333333,0.761099366
a4228907,54,48,2435,50.72916667,1.18275154
a4301907,53,52,3950,75.96153846,0.789873418
a4315500,3,3,237,79,0.759493671
a4315574,52,52,4732,91,0.659340659
a4420135,1,1,85,85,0.705882353
a4432751,138,111,6235,56.17117117,1.068163593
a4483008,101,80,4332,54.15,1.108033241
a4483237,15,10,789,78.9,0.760456274
a4492292,85,85,6662,78.37647059,0.765535875
a4509483,27,16,1249,78.0625,0.768614892
a4517187,7,3,173,57.66666667,1.040462428
a4518658,34,34,2618,77,0.779220779
a4612300,96,93,6484,69.72043011,0.860579889
a4642033,28,24,1817,75.70833333,0.792515135
a4671011,4,4,308,77,0.779220779
a4687998,13,12,927,77.25,0.776699029
a4717381,203,200,14380,71.9,0.83449235
a4718349,51,51,3898,76.43137255,0.785017958
a4721621,83,55,3585,65.18181818,0.920502092
a4879275,377,365,24380,66.79452055,0.898277276
a4890697,1925,1885,141926,75.29230769,0.796894156
a4894251,69,35,2546,72.74285714,0.824823252
a4916762,1,1,88,88,0.681818182
a4933727,112,91,6645,73.02197802,0.821670429
a4995283,179,145,10278,70.88275862,0.846468184
a5006814,1,1,78,78,0.769230769
a5014252,255,240,16732,69.71666667,0.860626345
a5054721,146,122,8633,70.76229508,0.847909186
a5078922,1,1,79,79,0.759493671
a5090841,7,1,17,17,3.529411765
a5108815,63,52,2876,55.30769231,1.084840056
a5116590,12,6,340,56.66666667,1.058823529
a5127717,175,175,12660,72.34285714,0.829383886
a5170009,25,20,1120,56,1.071428571
a5177148,50,46,2766,60.13043478,0.997830803
a5184620,542,537,40970,76.29422719,0.786429094
a5202889,129,126,9185,72.8968254,0.823081111
a5236353,10,8,689,86.125,0.696661829
a5281430,10,0,0,0,0
a5309714,4,4,310,77.5,0.774193548
a5315608,11,10,510,51,1.176470588
a5326737,8,8,617,77.125,0.777957861
a5333306,152,62,4672,75.35483871,0.796232877
a5420129,20,13,877,67.46153846,0.889395667
a5432796,534,529,35521,67.14744802,0.893555925
a5438721,10,8,624,78,0.769230769
a5473134,111,111,8769,79,0.759493671
a5523231,93,92,7041,76.5326087,0.783979548
a5602123,7,3,239,79.66666667,0.753138075
a5653977,14,9,409,45.44444444,1.320293399
a5672631,84,84,6251,74.41666667,0.806270997
a5711719,98,94,6476,68.89361702,0.870907968
a5716641,82,82,6393,77.96341463,0.769591741
a5737880,104,84,6165,73.39285714,0.817518248
a5788529,472,469,35419,75.52025586,0.794488834
a5798582,3,3,219,73,0.821917808
a5817921,211,203,13895,68.44827586,0.876574307
a5847914,387,266,13701,51.5075188,1.164878476
a5862835,38,38,2926,77,0.779220779
a5884972,8,5,334,66.8,0.898203593
a5899384,2,2,140,70,0.857142857
a5904324,60,60,4470,74.5,0.805369128
a5914074,24,0,0,0,0
a5929893,9,5,374,74.8,0.802139037
a5935404,20,14,778,55.57142857,1.079691517
a5995197,1,1,79,79,0.759493671
a6012599,8,8,614,76.75,0.781758958
a6057082,13,6,483,80.5,0.745341615
a6082147,109,108,8893,82.34259259,0.728662993
a6082617,42,15,1138,75.86666667,0.79086116
a6084262,10,6,481,80.16666667,0.748440748
a6085279,49,22,1427,64.86363636,0.925017519
a6102627,39,17,1410,82.94117647,0.723404255
a6112892,50,30,2291,76.36666667,0.785683108
a6167291,19,19,1438,75.68421053,0.792767733
a6237977,1,1,70,70,0.857142857
a6245110,193,138,8224,59.5942029,1.006809339
a6250206,63,46,3610,78.47826087,0.764542936
a6267680,123,122,8515,69.79508197,0.859659425
a6310322,142,142,11097,78.14788732,0.767775074
a6313034,63,55,3719,67.61818182,0.887335305
a6317940,43,43,3252,75.62790698,0.793357934
a6318123,14,4,262,65.5,0.916030534
a6343014,22,0,0,0,0
a6347015,10,0,0,0,0
a6371138,236,236,16815,71.25,0.842105263
a6380971,57,57,4112,72.14035088,0.831712062
a6423885,27,0,0,0,0
a6439781,122,122,9258,75.8852459,0.790667531
a6447153,10,1,75,75,0.8
a6447344,215,209,15368,73.53110048,0.81598126
a6458981,1,1,11,11,5.454545455
a6465651,66,0,0,0,0
a6467743,57,57,4396,77.12280702,0.777979982
a6490936,3,3,264,88,0.681818182
a6514917,127,127,9443,74.35433071,0.806946945
a6528016,112,90,5343,59.36666667,1.010668164
a6615465,9,7,500,71.42857143,0.84
a6616458,94,94,8460,90,0.666666667
a6694087,32,16,1244,77.75,0.77170418
a6698853,32,21,1532,72.95238095,0.822454308
a6770525,21,20,1353,67.65,0.88691796
a6774281,95,68,4988,73.35294118,0.817963111
a6781871,37,32,2283,71.34375,0.840998686
a6791181,2,1,79,79,0.759493671
a6802799,6,4,262,65.5,0.916030534
a6804700,394,295,15750,53.38983051,1.123809524
a6817703,128,128,9640,75.3125,0.796680498
a6838462,115,114,7574,66.43859649,0.903089517
a6912366,429,421,32083,76.20665083,0.787332855
a6917064,224,217,16063,74.02304147,0.810558426
a6953480,20,20,1612,80.6,0.744416873
a6971380,1,1,77,77,0.779220779
a6983527,2,1,70,70,0.857142857
a6999878,9,8,560,70,0.857142857
a7007506,59,59,4543,77,0.779220779
a7008735,4,1,74,74,0.810810811
a7021011,1,1,88,88,0.681818182
a7032171,20,9,666,74,0.810810811
a7039502,185,183,12673,69.25136612,0.866408901
a7131601,29,29,2163,74.5862069,0.80443828
a7160288,1,1,52,52,1.153846154
a7176824,1,0,0,0,0
a7191344,5,5,385,77,0.779220779
a7197069,31,17,1306,76.82352941,0.78101072
a7199104,95,95,7240,76.21052632,0.787292818
a7225027,93,90,6486,72.06666667,0.832562442
a7225621,50,50,3714,74.28,0.807754443
a7239901,274,38,2094,55.10526316,1.088825215
a7282101,95,1,20,20,3
a7299898,69,69,5334,77.30434783,0.776152981
a7302661,8,2,167,83.5,0.718562874
a7303315,73,72,5022,69.75,0.860215054
a7333072,37,34,2119,62.32352941,0.962718263
a7380069,163,100,7546,75.46,0.795123244
a7408865,12,11,696,63.27272727,0.948275862
a7420751,18,5,385,77,0.779220779
a7429653,108,89,6806,76.47191011,0.784601822
a7469599,11,9,676,75.11111111,0.798816568
a7487362,59,59,4450,75.42372881,0.795505618
a7495365,1,1,81,81,0.740740741
a7531786,205,204,16371,80.25,0.747663551
a7558507,1,1,79,79,0.759493671
a7623255,57,57,4266,74.84210526,0.801687764
a7626816,13,13,962,74,0.810810811
a7661224,60,60,4403,73.38333333,0.817624347
a7717862,11,11,836,76,0.789473684
a7757652,14,13,1015,78.07692308,0.768472906
a7790878,196,191,13819,72.35078534,0.829293002
a7839058,22,22,1589,72.22727273,0.830711139
a7872521,18,17,1054,62,0.967741935
a7881894,1,1,79,79,0.759493671
a7945870,91,67,4987,74.43283582,0.806095849
a7970407,7,7,482,68.85714286,0.871369295
a7970747,1,1,81,81,0.740740741
a7979872,122,97,7397,76.25773196,0.786805462
a8012695,27,19,1470,77.36842105,0.775510204
a8012750,89,87,6589,75.73563218,0.792229473
a8018489,6,4,296,74,0.810810811
a8028601,1,1,76,76,0.789473684
a8117525,5,4,317,79.25,0.757097792
a8145236,31,0,0,0,0
a8159916,147,147,11438,77.80952381,0.771113831
a8180374,109,109,7859,72.10091743,0.832166942
a8215382,27,27,1988,73.62962963,0.814889336
a8220624,302,299,23164,77.47157191,0.774477638
a8282076,2,1,74,74,0.810810811
a8344147,184,182,14626,80.36263736,0.746615616
a8360578,5,5,379,75.8,0.791556728
a8360812,257,207,15500,74.87922705,0.801290323
a8366218,103,103,7710,74.85436893,0.80155642
a8371950,109,109,8636,79.2293578,0.757295044
a8374278,113,106,7742,73.03773585,0.821493154
a8392056,5,4,304,76,0.789473684
a8417072,171,170,11234,66.08235294,0.907957985
a8420393,31,31,2272,73.29032258,0.818661972
a8429669,12,1,23,23,2.608695652
a8433265,24,24,1800,75,0.8
a8473428,29,29,2233,77,0.779220779
a8539748,59,59,4101,69.50847458,0.863204097
a8566709,2619,2595,173272,66.77148362,0.898587192
a8587656,254,247,17430,70.56680162,0.850258176
a8597225,47,47,3485,74.14893617,0.809182209
a8628554,407,402,28432,70.72636816,0.848339899
a8754178,15,14,958,68.42857143,0.876826722
a8784727,13,11,832,75.63636364,0.793269231
a8786092,28,27,1942,71.92592593,0.834191555
a8796560,1,1,76,76,0.789473684
a8825975,52,50,3763,75.26,0.797236248
a8826094,598,573,39656,69.20767888,0.86695582
a8851278,30,30,2279,75.96666667,0.789820097
a8911271,80,67,4867,72.64179104,0.825970824
a8918806,27,27,1990,73.7037037,0.814070352
a8950534,6,2,154,77,0.779220779
a8974905,1,1,76,76,0.789473684
a8998950,47,40,3589,89.725,0.668709947
a9014464,90,90,6438,71.53333333,0.838769804
a9027850,29,9,584,64.88888889,0.924657534
a9135960,3,3,255,85,0.705882353
a9137400,53,0,0,0,0
a9138289,10,6,370,61.66666667,0.972972973
a9159664,25,20,1310,65.5,0.916030534
a9189981,123,122,8820,72.29508197,0.829931973
a9209822,3,3,242,80.66666667,0.743801653
a9276746,1,0,0,0,0
a9353297,55,54,4105,76.01851852,0.789281364
a9355925,52,52,3668,70.53846154,0.850599782
a9404486,1,1,77,77,0.779220779
a9413282,86,84,6521,77.63095238,0.772887594
a9437178,2,2,162,81,0.740740741
a9452268,111,1,45,45,1.333333333
a9491341,37,16,1143,71.4375,0.839895013
a9496982,1,1,80,80,0.75
a9528309,79,78,5558,71.25641026,0.842029507
a9548713,179,179,13890,77.59776536,0.773218143
a9575386,28,28,2548,91,0.659340659
a9658788,27,27,2095,77.59259259,0.77326969
a9680769,7,5,368,73.6,0.815217391
a9693120,3,2,147,73.5,0.816326531
a9721690,16,16,1006,62.875,0.954274354
a9744006,14,10,770,77,0.779220779
a9749850,9,7,515,73.57142857,0.815533981
a9755637,44,36,2504,69.55555556,0.862619808
a9762487,179,179,13468,75.24022346,0.797445797
a9766294,94,94,7875,83.77659574,0.716190476
a9795480,1,1,76,76,0.789473684
a9804815,6,5,396,79.2,0.757575758
a9808239,96,96,8043,83.78125,0.71615069
a9821936,19,19,1457,76.68421053,0.78242965
a9851705,29,17,869,51.11764706,1.173762946
a9854559,11,11,847,77,0.779220779
a9877891,2,1,74,74,0.810810811
a9903383,9,9,702,78,0.769230769
a9983225,4,4,316,79,0.759493671
b0039679,4,4,308,77,0.779220779
b0079630,889,690,39933,57.87391304,1.036736534
b0088020,156,138,10671,77.32608696,0.775934776
b0088894,2,1,64,64,0.9375
b0092968,8,3,227,75.66666667,0.792951542
b0115196,4,3,214,71.33333333,0.841121495
b0117514,51,51,3798,74.47058824,0.805687204
b0124227,16,7,481,68.71428571,0.873180873
b0169334,75,67,4573,68.25373134,0.879072819
b0178193,96,96,7481,77.92708333,0.769950541
b0198286,5,3,202,67.33333333,0.891089109
b0203076,42,24,1726,71.91666667,0.834298957
b0229710,91,4,288,72,0.833333333
b0231264,147,143,10117,70.74825175,0.848077493
b0262876,57,57,4242,74.42105263,0.806223479
b0270501,4,3,236,78.66666667,0.762711864
b0326389,18,0,0,0,0
b0334442,1,0,0,0,0
b0340069,113,113,8661,76.6460177,0.782819536
b0341546,17,13,1037,79.76923077,0.75216972
b0342158,8,8,618,77.25,0.776699029
b0385452,117,91,5337,58.64835165,1.023046655
b0405193,45,45,3027,67.26666667,0.89197225
b0435358,27,27,2067,76.55555556,0.783744557
b0445840,67,67,4989,74.46268657,0.8057727
b0448050,58,58,4258,73.4137931,0.81728511
b0470862,111,111,8547,77,0.779220779
b0486363,19,15,891,59.4,1.01010101
b0495769,459,369,21798,59.07317073,1.015689513
b0504006,33,19,1440,75.78947368,0.791666667
b0552800,21,17,1131,66.52941176,0.901856764
b0554968,11,11,880,80,0.75
b0559169,4997,4997,356225,71.28777266,0.841659064
b0578395,9,6,339,56.5,1.061946903
b0595703,2,2,161,80.5,0.745341615
b0620024,21,19,1463,77,0.779220779
b0621576,31,23,1771,77,0.779220779
b0638388,2,0,0,0,0
b0666232,179,179,13380,74.74860335,0.802690583
b0667077,126,0,0,0,0
b0669729,71,27,2478,91.77777778,0.653753027
b0701494,74,49,3773,77,0.779220779
b0736750,149,112,8445,75.40178571,0.795737123
b0740273,27,27,1960,72.59259259,0.826530612
b0745418,5,4,257,64.25,0.93385214
b0768798,9,6,272,45.33333333,1.323529412
b0785974,1,1,47,47,1.276595745
b0791847,97,97,7646,78.82474227,0.761182318
b0815089,70,69,4370,63.33333333,0.947368421
b0863066,2,2,172,86,0.697674419
b0868471,3,3,237,79,0.759493671
b0868965,22,21,1370,65.23809524,0.919708029
b0877942,37,37,3027,81.81081081,0.733399405
b0885304,403,401,27841,69.42892768,0.864193097
b0885801,86,86,6966,81,0.740740741
b0899802,1,1,72,72,0.833333333
b0904879,9,8,675,84.375,0.711111111
b0910115,95,92,7055,76.68478261,0.782423813
b0921187,1,0,0,0,0
b0962957,87,87,6431,73.91954023,0.81169336
b0997000,5,4,236,59,1.016949153
b1007382,9,7,473,67.57142857,0.88794926
b1013197,8,8,619,77.375,0.775444265
b1076240,160,159,12622,79.3836478,0.755823166
b1096974,10,9,480,53.33333333,1.125
b1120197,191,2,145,72.5,0.827586207
b1144061,3,0,0,0,0
b1156159,8,4,264,66,0.909090909
b1196681,45,43,3258,75.76744186,0.791896869
b1237031,3,3,215,71.66666667,0.837209302
b1278127,10,8,549,68.625,0.87431694
b1279935,3,3,238,79.33333333,0.756302521
b1315342,15,7,511,73,0.821917808
b1327779,5,5,325,65,0.923076923
b1328096,32,28,2044,73,0.821917808
b1360509,85,85,6631,78.01176471,0.769114764
b1370394,2,2,146,73,0.821917808
b1405118,60,60,4435,73.91666667,0.811724915
b1417923,88,88,6512,74,0.810810811
b1448703,166,164,11593,70.68902439,0.848788062
b1450312,56,56,4225,75.44642857,0.795266272
b1471279,11,6,462,77,0.779220779
b1501366,1,1,74,74,0.810810811
b1508541,8,6,379,63.16666667,0.949868074
b1521560,4,2,167,83.5,0.718562874
b1547294,125,0,0,0,0
b1548598,27,27,2005,74.25925926,0.80798005
b1552167,108,108,8043,74.47222222,0.805669526
b1553515,87,85,6331,74.48235294,0.805559943
b1569776,238,231,16222,70.22510823,0.854395266
b1589339,254,247,16388,66.34817814,0.904320234
b1614893,14,14,740,52.85714286,1.135135135
b1616376,53,45,2937,65.26666667,0.919305414
b1646430,1,1,73,73,0.821917808
b1658297,7,6,484,80.66666667,0.743801653
b1658982,1430,1346,106334,79,0.759493671
b1685137,28,28,2043,72.96428571,0.822320117
b1740535,28,15,1009,67.26666667,0.89197225
b1743378,38,38,2683,70.60526316,0.849795006
b1757849,5,5,385,77,0.779220779
b1794187,8,3,165,55,1.090909091
b1823744,98,98,7388,75.3877551,0.795885219
b1828749,28,16,1298,81.125,0.739599384
b1875000,346,339,23751,70.0619469,0.856384994
b1922316,92,92,6753,73.40217391,0.817414482
b1922449,7,7,497,71,0.845070423
b1934738,1,1,69,69,0.869565217
b1990153,284,281,20166,71.76512456,0.836060696
b2011477,32,32,2300,71.875,0.834782609
b2026929,70,69,5208,75.47826087,0.794930876
b2049216,62,61,4432,72.6557377,0.825812274
b2051645,40,40,2013,50.325,1.192250373
b2059226,34,34,3128,92,0.652173913
b2067062,111,111,6363,57.32432432,1.046676096
b2088379,204,203,15854,78.09852217,0.768260376
b2134825,2,2,149,74.5,0.805369128
b2138377,1221,1221,93987,76.97542998,0.779469501
b2209427,4,4,312,78,0.769230769
b2294255,357,344,24359,70.81104651,0.847325424
b2363206,4,3,167,55.66666667,1.077844311
b2385752,28,28,1887,67.39285714,0.890302067
b2406092,25,19,1156,60.84210526,0.98615917
b2430295,200,200,18800,94,0.638297872
b2432171,39,39,2699,69.20512821,0.866987773
b2491515,57,57,3967,69.59649123,0.862112428
b2499659,32,32,2496,78,0.769230769
b2529584,12,12,628,52.33333333,1.146496815
b2551115,1,1,79,79,0.759493671
b2553438,2,2,168,84,0.714285714
b2558348,6,6,388,64.66666667,0.927835052
b2579751,116,29,2160,74.48275862,0.805555556
b2641244,360,346,23022,66.53757225,0.901746156
b2652053,21,12,924,77,0.779220779
b2664228,82,77,5208,67.63636364,0.887096774
b2664844,8,3,143,47.66666667,1.258741259
b2699297,32,19,1475,77.63157895,0.772881356
b2699877,1,1,61,61,0.983606557
b2712038,90,82,6143,74.91463415,0.800911607
b2757809,19,3,88,29.33333333,2.045454545
b2768023,7,1,78,78,0.769230769
b2813020,11,8,422,52.75,1.137440758
b2821526,4,4,308,77,0.779220779
b2823255,25,1,72,72,0.833333333
b2831042,1,1,30,30,2
b2867259,42,35,2488,71.08571429,0.844051447
b2896765,28,28,2155,76.96428571,0.779582367
b2935545,555,544,37833,69.54595588,0.862738879
b3012756,147,147,11146,75.82312925,0.79131527
b3020188,10,10,627,62.7,0.956937799
b3028728,4,0,0,0,0
b3061490,151,151,11059,73.2384106,0.819242246
b3074726,28,28,1814,64.78571429,0.926130099
b3077009,8,5,299,59.8,1.003344482
b3114274,284,277,19847,71.64981949,0.837406157
b3190502,89,71,5241,73.81690141,0.812821981
b3206864,75,70,5342,76.31428571,0.786222389
b3217088,2,0,0,0,0
b3259681,18,7,492,70.28571429,0.853658537
b3278757,8,4,320,80,0.75
b3307432,35,35,2486,71.02857143,0.844730491
b3378258,212,204,14008,68.66666667,0.873786408
b3379891,5,3,191,63.66666667,0.942408377
b3406956,31,16,822,51.375,1.167883212
b3409421,53,53,4269,80.54716981,0.74490513
b3421290,57,56,4582,81.82142857,0.733304234
b3441669,150,150,11742,78.28,0.766479305
b3441807,2,2,164,82,0.731707317
b3469105,64,64,5440,85,0.705882353
b3489620,3,3,264,88,0.681818182
b3532344,84,73,4917,67.35616438,0.890787065
b3541627,488,484,35561,73.4731405,0.816624954
b3624436,3,2,152,76,0.789473684
b3680144,30,30,2298,76.6,0.783289817
b3688917,531,386,25074,64.95854922,0.923665949
b3692525,94,7,554,79.14285714,0.758122744
b3709799,96,95,7371,77.58947368,0.773300773
b3712504,56,56,4088,73,0.821917808
b3770142,15,6,441,73.5,0.816326531
b3772388,2,2,172,86,0.697674419
b3778202,43,26,1881,72.34615385,0.829346093
b3789940,62,58,4107,70.81034483,0.84733382
b3801237,5,5,161,32.2,1.863354037
b3812762,16,13,988,76,0.789473684
b3849420,325,289,16371,56.64705882,1.059190031
b3865398,115,114,9081,79.65789474,0.753221011
b3899193,53,53,4173,78.73584906,0.762041697
b3906875,32,31,2066,66.64516129,0.900290416
b3932207,61,61,4768,78.16393443,0.76761745
b3951040,208,137,8773,64.03649635,0.93696569
b3954096,3,3,205,68.33333333,0.87804878
b3968940,5,5,372,74.4,0.806451613
b3970077,20,1,76,76,0.789473684
b3974892,190,86,6515,75.75581395,0.792018419
b4025457,57,39,2761,70.79487179,0.847519015
b4037336,171,157,12071,76.88535032,0.780382735
b4068825,17,17,1415,83.23529412,0.720848057
b4129795,31,31,1664,53.67741935,1.117788462
b4139070,185,183,13107,71.62295082,0.837720302
b4146612,38,23,1555,67.60869565,0.887459807
b4176884,31,0,0,0,0
b4181037,544,357,25289,70.83753501,0.847008581
b4225410,7,5,385,77,0.779220779
b4276482,2,2,159,79.5,0.754716981
b4314351,1,1,87,87,0.689655172
b4329364,18,7,537,76.71428571,0.782122905
b4329812,1,1,74,74,0.810810811
b4336407,41,40,3009,75.225,0.797607178
b4343793,34,34,2444,71.88235294,0.834697218
b4394825,12,8,653,81.625,0.735068913
b4416568,4,3,238,79.33333333,0.756302521
b4421556,34,34,2567,75.5,0.794701987
b4461961,3,0,0,0,0
b4476536,4,3,241,80.33333333,0.746887967
b4534304,77,77,5698,74,0.810810811
b4568368,479,478,37129,77.67573222,0.772442026
b4568554,105,58,4576,78.89655172,0.76048951
b4601027,24,23,1398,60.7826087,0.987124464
b4604242,46,0,0,0,0
b4644031,63,38,3103,81.65789474,0.734772801
b4708328,275,266,23164,87.08270677,0.689000173
b4713824,3,2,132,66,0.909090909
b4734628,51,43,3038,70.65116279,0.849242923
b4751106,14,13,981,75.46153846,0.795107034
b4766369,111,89,7095,79.71910112,0.752642706
b4770353,1,1,76,76,0.789473684
b4777583,33,33,2547,77.18181818,0.777385159
b4787653,5,4,304,76,0.789473684
b4795512,179,179,13779,76.97765363,0.779446985
b4795833,4,4,298,74.5,0.805369128
b4804436,62,62,4960,80,0.75
b4820768,5,5,388,77.6,0.773195876
b4849058,27,27,2088,77.33333333,0.775862069
b4896495,98,98,8058,82.2244898,0.729709605
b4902834,134,130,9169,70.53076923,0.850692551
b4904673,5038,5038,343302,68.14251687,0.880507541
b4917225,29,29,2416,83.31034483,0.720198675
b4977141,1,1,74,74,0.810810811
b5026312,3,2,169,84.5,0.710059172
b5046638,143,139,2771,19.9352518,3.009743775
b5051320,6,5,350,70,0.857142857
b5065467,4,2,160,80,0.75
b5082697,2,0,0,0,0
b5123763,1,0,0,0,0
b5135383,377,367,24994,68.10354223,0.881011443
b5145851,56,56,4196,74.92857143,0.800762631
b5252137,5,4,255,63.75,0.941176471
b5278599,74,59,3088,52.33898305,1.146373057
b5281869,1,1,92,92,0.652173913
b5331825,66,45,3450,76.66666667,0.782608696
b5346742,51,0,0,0,0
b5376393,1,1,78,78,0.769230769
b5403155,4,4,232,58,1.034482759
b5414465,179,137,10334,75.43065693,0.795432553
b5415237,1,1,87,87,0.689655172
b5433820,4,4,310,77.5,0.774193548
b5453730,56,53,4058,76.56603774,0.78363726
b5493213,3,3,229,76.33333333,0.786026201
b5518521,7,7,539,77,0.779220779
b5541817,139,136,10432,76.70588235,0.782208589
b5557760,2,1,79,79,0.759493671
b5612397,97,97,7514,77.46391753,0.774554166
b5615221,26,26,2035,78.26923077,0.766584767
b5617016,138,115,8991,78.1826087,0.767434101
b5663843,541,523,34797,66.5334608,0.901801879
b5669255,17,6,470,78.33333333,0.765957447
b5675774,225,216,14878,68.87962963,0.871084823
b5685293,69,69,4628,67.07246377,0.894554883
b5698041,53,2,123,61.5,0.975609756
b5712215,13,11,831,75.54545455,0.794223827
b5732261,16,11,879,79.90909091,0.750853242
b5758404,15,15,1041,69.4,0.864553314
b5794947,2,2,159,79.5,0.754716981
b5819435,4,4,279,69.75,0.860215054
b5838984,31,31,2333,75.25806452,0.797256751
b5871103,1,1,93,93,0.64516129
b5926528,88,87,6100,70.11494253,0.855737705
b5943603,64,63,4589,72.84126984,0.823708869
b5951875,577,572,40674,71.10839161,0.843782269
b5969242,10,10,811,81.1,0.739827374
b5986193,45,45,3502,77.82222222,0.770988007
b5994472,18,18,1620,90,0.666666667
b6000017,79,79,5724,72.4556962,0.828092243
b6002288,10,6,413,68.83333333,0.871670702
b6006410,7,3,234,78,0.769230769
b6061105,5,5,435,87,0.689655172
b6118220,11,5,376,75.2,0.79787234
b6148885,15,14,1048,74.85714286,0.801526718
b6170449,57,57,4299,75.42105263,0.795533845
b6181383,33,31,1629,52.5483871,1.141804788
b6187718,55,52,3543,68.13461538,0.880609653
b6191815,8,8,632,79,0.759493671
b6212077,117,115,8621,74.96521739,0.800371187
b6243344,188,188,14853,79.00531915,0.759442537
b6252636,1,1,80,80,0.75
b6278424,17,16,1191,74.4375,0.80604534
b6301273,300,222,13997,63.04954955,0.951632493
b6324745,95,91,6209,68.23076923,0.879368658
b6332799,1,1,85,85,0.705882353
b6344712,247,247,19019,77,0.779220779
b6419024,2,1,77,77,0.779220779
b6443864,66,36,2699,74.97222222,0.800296406
b6491695,142,137,9400,68.61313869,0.874468085
b6499669,2,2,140,70,0.857142857
b6539178,40,39,3140,80.51282051,0.74522293
b6546975,53,53,3867,72.96226415,0.822342901
b6560024,65,35,2629,75.11428571,0.798782807
b6597620,28,28,2156,77,0.779220779
b6601270,19,19,1443,75.94736842,0.79002079
b6613469,101,100,6489,64.89,0.924641701
b6639746,153,152,11324,74.5,0.805369128
b6650473,17,8,620,77.5,0.774193548
b6675062,3,2,72,36,1.666666667
b6681678,2,0,0,0,0
b6699919,97,97,7488,77.19587629,0.77724359
b6834935,7,7,602,86,0.697674419
b6845892,23,16,1194,74.625,0.804020101
b6848111,66,64,4407,68.859375,0.871341048
b6928994,10,7,534,76.28571429,0.786516854
b6960149,159,156,11767,75.42948718,0.795444888
b6974082,60,59,4291,72.72881356,0.824982522
b6999547,58,0,0,0,0
b7001014,8,8,591,73.875,0.812182741
b7001210,14,11,872,79.27272727,0.756880734
b7064999,96,96,6721,70.01041667,0.857015325
b7087651,50,50,3767,75.34,0.7963897
b7095063,96,93,6706,72.10752688,0.832090665
b7105645,13,7,565,80.71428571,0.743362832
b7166662,29,26,2223,85.5,0.701754386
b7179301,8,7,559,79.85714286,0.751341682
b7181570,10,5,353,70.6,0.849858357
b7185845,20,9,584,64.88888889,0.924657534
b7203232,32,0,0,0,0
b7220266,51,42,2848,67.80952381,0.884831461
b7222352,7,5,377,75.4,0.795755968
b7233317,5,5,425,85,0.705882353
b7235677,2,0,0,0,0
b7237589,416,415,31241,75.27951807,0.797029545
b7303584,29,29,2132,73.51724138,0.816135084
b7307689,73,73,4912,67.28767123,0.891693811
b7359306,10,10,646,64.6,0.92879257
b7365380,109,109,8120,74.49541284,0.805418719
b7442843,12,7,559,79.85714286,0.751341682
b7448030,56,56,4302,76.82142857,0.781032078
b7469337,179,179,13726,76.68156425,0.782456652
b7557564,4,4,340,85,0.705882353
b7579786,531,481,31638,65.77546778,0.912194197
b7611706,1,1,74,74,0.810810811
b7688956,2,2,151,75.5,0.794701987
b7692923,139,138,10390,75.28985507,0.796920115
b7710235,206,206,15802,76.70873786,0.782179471
b7756732,39,39,2982,76.46153846,0.784708249
b7757059,90,67,5045,75.29850746,0.796828543
b7759213,17,17,1547,91,0.659340659
b7779895,96,93,6137,65.98924731,0.909239042
b7803106,57,56,4223,75.41071429,0.795642908
b7807529,224,223,15505,69.52914798,0.862947436
b7833693,15,7,459,65.57142857,0.91503268
b7837356,247,242,17263,71.33471074,0.841105254
b7841166,56,55,4149,75.43636364,0.795372379
b7844401,116,37,2833,76.56756757,0.783621603
b7845005,50,47,2074,44.12765957,1.359691418
b7856974,30,30,2284,76.13333333,0.788091068
b7892393,34,33,2365,71.66666667,0.837209302
b7938050,5,3,180,60,1
b7951507,2,2,92,46,1.304347826
b8019292,6,5,332,66.4,0.903614458
b8037711,63,30,2319,77.3,0.776196636
b8038473,114,114,9292,81.50877193,0.73611709
b8101555,32,31,2303,74.29032258,0.807642206
b8114580,68,67,5083,75.86567164,0.790871533
b8139222,181,5,331,66.2,0.906344411
b8153328,12,11,767,69.72727273,0.860495437
b8289129,8,4,247,61.75,0.971659919
b8301650,163,132,10275,77.84090909,0.77080292
b8319712,137,0,0,0,0
b8327378,6,3,212,70.66666667,0.849056604
b8343067,4,2,119,59.5,1.008403361
b8379206,1,0,0,0,0
b8408805,4,4,266,66.5,0.902255639
b8429122,55,43,3151,73.27906977,0.818787686
b8447396,19,11,704,64,0.9375
b8448603,37,26,1986,76.38461538,0.785498489
b8460475,7,5,269,53.8,1.115241636
b8531501,40,31,2295,74.03225806,0.810457516
b8563454,36,36,2435,67.63888889,0.887063655
b8569263,2,2,152,76,0.789473684
b8579379,88,88,7199,81.80681818,0.733435199
b8593807,3,1,20,20,3
b8597805,1,1,88,88,0.681818182
b8598784,41,18,1213,67.38888889,0.890354493
b8639463,896,707,39793,56.28429986,1.066016636
b8674237,1,0,0,0,0
b8680165,39,39,3118,79.94871795,0.750481078
b8681557,50,42,3374,80.33333333,0.746887967
b8725641,150,0,0,0,0
b8743775,3,0,0,0,0
b8746506,98,0,0,0,0
b8753916,1,1,72,72,0.833333333
b8759260,60,60,4497,74.95,0.800533689
b8793410,156,0,0,0,0
b8800233,54,53,3168,59.77358491,1.003787879
b8830205,25,25,1925,77,0.779220779
b8852426,51,47,3432,73.0212766,0.821678322
b8856825,566,562,43651,77.67081851,0.772490894
b8863246,66,66,4582,69.42424242,0.864251419
b8863309,1,1,82,82,0.731707317
b8897193,56,55,4430,80.54545455,0.744920993
b8908103,18,9,636,70.66666667,0.849056604
b8918157,121,121,8425,69.62809917,0.861721068
b8961289,1,1,53,53,1.132075472
b8962487,270,264,18228,69.04545455,0.868992758
b8962712,20,0,0,0,0
b9027384,19,19,1118,58.84210526,1.019677996
b9028041,1,1,74,74,0.810810811
b9032317,66,0,0,0,0
b9104887,2,2,174,87,0.689655172
b9167838,1,1,77,77,0.779220779
b9197693,1,1,77,77,0.779220779
b9201718,72,72,5688,79,0.759493671
b9210938,114,114,8767,76.90350877,0.780198472
b9211442,73,73,5662,77.56164384,0.773578241
b9232881,4,4,289,72.25,0.830449827
b9242637,177,139,8279,59.56115108,1.00736804
b9243500,85,85,6714,78.98823529,0.759606792
b9264665,1,1,79,79,0.759493671
b9266298,2,2,154,77,0.779220779
b9268050,547,539,36002,66.79406308,0.898283429
b9305246,2,2,142,71,0.845070423
b9308873,4,4,313,78.25,0.766773163
b9310868,6,6,462,77,0.779220779
b9335937,177,177,13589,76.7740113,0.78151446
b9366278,292,287,17395,60.6097561,0.989939638
b9408788,542,196,13488,68.81632653,0.871886121
b9469143,12,8,482,60.25,0.995850622
b9473149,3,3,233,77.66666667,0.772532189
b9482187,70,1,41,41,1.463414634
b9483388,1,0,0,0,0
b9486084,76,68,4654,68.44117647,0.876665234
b9528303,1,1,61,61,0.983606557
b9551086,1,1,61,61,0.983606557
b9581895,53,53,3990,75.28301887,0.796992481
b9582380,31,31,2294,74,0.810810811
b9651222,419,418,31489,75.33253589,0.796468608
b9683274,58,58,4514,77.82758621,0.770934869
b9687046,3,3,201,67,0.895522388
b9713757,4,4,348,87,0.689655172
b9748857,15,10,761,76.1,0.788436268
b9829320,57,57,4329,75.94736842,0.79002079
b9883414,35,30,1915,63.83333333,0.939947781
b9900401,1,1,72,72,0.833333333
b9904644,1,1,89,89,0.674157303
b9936573,2,1,74,74,0.810810811
b9946428,6,5,256,51.2,1.171875
c0008297,64,63,4823,76.55555556,0.783744557
c0026858,3,3,238,79.33333333,0.756302521
c0032068,105,78,4642,59.51282051,1.008186127
c0074112,53,42,3076,73.23809524,0.819245774
c0080736,37,25,1897,75.88,0.790722193
c0093886,1,1,78,78,0.769230769
c0096137,68,68,5195,76.39705882,0.785370549
c0144239,40,39,2808,72,0.833333333
c0149174,24,0,0,0,0
c0222594,46,26,1784,68.61538462,0.874439462
c0282289,1,1,70,70,0.857142857
c0316355,1,0,0,0,0
c0317042,2538,2421,170559,70.44981413,0.851670097
c0329913,38,26,2017,77.57692308,0.77342588
c0433624,45,45,3555,79,0.759493671
c0441642,311,311,21769,69.99678457,0.857182232
c0442575,11,11,847,77,0.779220779
c0450953,1,0,0,0,0
c0452353,51,51,3927,77,0.779220779
c0454834,25,18,1206,67,0.895522388
c0460540,6,3,201,67,0.895522388
c0476153,87,87,6702,77.03448276,0.778871979
c0477640,304,304,23408,77,0.779220779
c0495473,41,38,2953,77.71052632,0.772096173
c0507891,63,53,3787,71.45283019,0.839714814
c0518074,69,68,4945,72.72058824,0.825075834
c0588682,3,3,206,68.66666667,0.873786408
c0609026,29,29,2166,74.68965517,0.8033241
c0611791,8,8,512,64,0.9375
c0643161,4,2,166,83,0.722891566
c0660977,3,3,231,77,0.779220779
c0676044,12,5,425,85,0.705882353
c0700712,7,6,470,78.33333333,0.765957447
c0709881,1,1,72,72,0.833333333
c0722835,22,19,1430,75.26315789,0.797202797
c0751433,4,2,138,69,0.869565217
c0765186,22,22,1694,77,0.779220779
c0766787,53,53,4121,77.75471698,0.771657365
c0769106,42,31,2162,69.74193548,0.860314524
c0790677,7,6,395,65.83333333,0.911392405
c0853246,245,205,16109,78.5804878,0.763548327
c0865812,5,5,384,76.8,0.78125
c0924480,4,4,323,80.75,0.743034056
c0946597,117,102,7663,75.12745098,0.798642829
c0954231,12,7,434,62,0.967741935
c0955997,2,2,144,72,0.833333333
c0974337,2,2,172,86,0.697674419
c0994949,118,118,8786,74.45762712,0.805827453
c1021564,9,9,828,92,0.652173913
c1023838,2,2,158,79,0.759493671
c1104197,64,62,4178,67.38709677,0.890378171
c1128334,4,4,332,83,0.722891566
c1130766,36,36,2558,71.05555556,0.844409695
c1158907,42,41,3066,74.7804878,0.802348337
c1201287,1,1,74,74,0.810810811
c1211745,122,122,8658,70.96721311,0.845460845
c1221313,42,30,2292,76.4,0.785340314
c1256812,18,16,1035,64.6875,0.927536232
c1257251,13,11,931,84.63636364,0.708915145
c1257610,1,0,0,0,0
c1310082,7,7,584,83.42857143,0.719178082
c1314339,82,81,6240,77.03703704,0.778846154
c1318239,1,1,87,87,0.689655172
c1358980,112,112,8233,73.50892857,0.816227378
c1425762,7,0,0,0,0
c1475489,63,63,4751,75.41269841,0.795621974
c1489234,5,1,71,71,0.845070423
c1510690,280,274,18352,66.97810219,0.89581517
c1530822,1,1,72,72,0.833333333
c1542609,13,0,0,0,0
c1553843,127,127,8561,67.40944882,0.890082934
c1553932,11,6,450,75,0.8
c1567370,201,201,14600,72.63681592,0.826027397
c1582284,44,44,3286,74.68181818,0.803408399
c1638529,4,3,215,71.66666667,0.837209302
c1640805,2,2,140,70,0.857142857
c1644891,60,37,2922,78.97297297,0.759753593
c1727079,10,2,149,74.5,0.805369128
c1737108,6,5,212,42.4,1.41509434
c1778098,11,5,406,81.2,0.738916256
c1808897,14,9,686,76.22222222,0.787172012
c1811535,188,188,14243,75.7606383,0.791967984
c1850768,90,90,6829,75.87777778,0.790745351
c1859144,6,4,281,70.25,0.854092527
c1867832,5,4,227,56.75,1.057268722
c1869882,218,182,10763,59.13736264,1.014587011
c1871951,12,5,385,77,0.779220779
c1877113,183,177,13587,76.76271186,0.781629499
c1907708,1,1,74,74,0.810810811
c1932680,3,3,170,56.66666667,1.058823529
c1944829,9,8,664,83,0.722891566
c1947288,320,308,23848,77.42857143,0.774907749
c1953048,28,28,2148,76.71428571,0.782122905
c2095012,41,38,2205,58.02631579,1.034013605
c2134767,80,80,6201,77.5125,0.774068699
c2139318,2,1,82,82,0.731707317
c2198531,26,14,998,71.28571429,0.841683367
c2201311,97,60,4029,67.15,0.893521966
c2226240,1,0,0,0,0
c2260978,169,139,7861,56.55395683,1.060933723
c2279795,1,1,70,70,0.857142857
c2313530,58,24,1799,74.95833333,0.800444691
c2334380,1,0,0,0,0
c2386720,48,48,3547,73.89583333,0.811953764
c2389141,66,60,3837,63.95,0.938232995
c2392737,10,9,696,77.33333333,0.775862069
c2493039,1,1,70,70,0.857142857
c2493217,1,1,79,79,0.759493671
c2501533,17,14,1121,80.07142857,0.749330955
c2506858,151,151,11843,78.43046358,0.765008866
c2540609,348,347,24221,69.80115274,0.859584658
c2596603,7,7,553,79,0.759493671
c2607422,318,316,23657,74.86392405,0.801454115
c2611130,31,31,2312,74.58064516,0.80449827
c2629970,27,27,1868,69.18518519,0.867237687
c2642186,494,492,35124,71.3902439,0.840450974
c2692185,1,0,0,0,0
c2740328,26,16,1144,71.5,0.839160839
c2776317,70,69,5332,77.27536232,0.776444111
c2788751,4,4,315,78.75,0.761904762
c2795872,19,14,974,69.57142857,0.862422998
c2801098,59,59,4365,73.98305085,0.810996564
c2804818,12,6,452,75.33333333,0.796460177
c2881942,57,41,2613,63.73170732,0.941446613
c2897118,2,1,62,62,0.967741935
c2903537,108,91,6074,66.74725275,0.898913401
c2956096,62,44,3048,69.27272727,0.866141732
c2988785,31,16,1211,75.6875,0.792733278
c2992906,6,6,397,66.16666667,0.906801008
c2995746,55,55,4730,86,0.697674419
c3003188,2,2,142,71,0.845070423
c3050416,32,7,605,86.42857143,0.694214876
c3056556,17,17,1294,76.11764706,0.788253478
c3056576,6,6,472,78.66666667,0.762711864
c3081041,151,149,11611,77.9261745,0.769959521
c3090909,13,7,449,64.14285714,0.935412027
c3103012,14,10,516,51.6,1.162790698
c3119300,1,0,0,0,0
c3125765,37,37,2641,71.37837838,0.840590685
c3134889,27,27,2109,78.11111111,0.768136558
c3150511,89,89,6429,72.23595506,0.830611293
c3196475,1,1,79,79,0.759493671
c3209979,53,53,3880,73.20754717,0.819587629
c3268062,22,5,427,85.4,0.702576112
c3292910,112,112,8757,78.1875,0.767386091
c3299100,91,90,6457,71.74444444,0.836301688
c3317446,100,100,8700,87,0.689655172
c3327485,179,179,14043,78.45251397,0.764793847
c3364327,17,15,1141,76.06666667,0.78878177
c3383641,83,81,5464,67.45679012,0.889458272
c3407955,50,35,2670,76.28571429,0.786516854
c3431673,34,34,2684,78.94117647,0.760059613
c3496325,1,1,91,91,0.659340659
c3539427,3,1,66,66,0.909090909
c3552620,5,0,0,0,0
c3563827,3,3,242,80.66666667,0.743801653
c3594277,1,1,86,86,0.697674419
c3611477,60,59,4442,75.28813559,0.796938316
c3682173,124,76,5251,69.09210526,0.868406018
c3703195,103,81,4864,60.04938272,0.999177632
c3767083,90,89,6309,70.88764045,0.846409891
c3799476,300,294,18842,64.08843537,0.936206348
c3808128,10,7,420,60,1
c3837732,4,2,118,59,1.016949153
c3838394,1,1,71,71,0.845070423
c3922566,467,459,32516,70.84095861,0.846967647
c3934475,10,10,318,31.8,1.886792453
c3951603,3,3,200,66.66666667,0.9
c3969475,106,70,5054,72.2,0.831024931
c3977305,15,14,975,69.64285714,0.861538462
c3980908,1,1,88,88,0.681818182
c4043161,153,145,11307,77.97931034,0.769434863
c4065459,6,6,455,75.83333333,0.791208791
c4069175,11,4,310,77.5,0.774193548
c4085039,5,5,367,73.4,0.817438692
c4130003,119,113,8948,79.18584071,0.75771122
c4202856,10,2,42,21,2.857142857
c4223041,2,1,88,88,0.681818182
c4228583,197,196,14117,72.0255102,0.833038181
c4256709,1,0,0,0,0
c4282326,1,1,88,88,0.681818182
c4298512,65,54,3428,63.48148148,0.945157526
c4307950,61,32,2211,69.09375,0.868385346
c4314642,2,2,161,80.5,0.745341615
c4359294,314,155,11974,77.2516129,0.776682813
c4368109,58,58,4346,74.93103448,0.800736309
c4393089,14,6,453,75.5,0.794701987
c4400689,18,17,1001,58.88235294,1.018981019
c4460667,51,51,3716,72.8627451,0.823466093
c4627727,4,4,320,80,0.75
c4635114,78,61,4628,75.86885246,0.790838375
c4664490,9,8,507,63.375,0.946745562
c4694655,38,36,2780,77.22222222,0.776978417
c4695771,71,0,0,0,0
c4698295,67,67,4448,66.3880597,0.903776978
c4705333,11,5,374,74.8,0.802139037
c4741809,151,148,11297,76.33108108,0.786049394
c4747766,181,179,13764,76.89385475,0.780296425
c4767366,466,341,24470,71.75953079,0.836125868
c4785463,1,0,0,0,0
c4797124,55,55,4179,75.98181818,0.789662599
c4803362,59,0,0,0,0
c4804820,9,6,331,55.16666667,1.087613293
c4865832,5,5,307,61.4,0.977198697
c4874930,40,33,2356,71.39393939,0.84040747
c4891938,62,61,4581,75.09836066,0.798952194
c4916783,7,6,374,62.33333333,0.962566845
c4928146,1,1,74,74,0.810810811
c4978164,1,0,0,0,0
c4983732,6,1,77,77,0.779220779
c5000667,3,2,176,88,0.681818182
c5092693,3,3,190,63.33333333,0.947368421
c5111506,11,4,245,61.25,0.979591837
c5161082,2,2,141,70.5,0.85106383
c5164510,64,51,3932,77.09803922,0.778229908
c5169498,25,19,1410,74.21052632,0.808510638
c5170167,70,53,3752,70.79245283,0.847547974
c5178588,40,0,0,0,0
c5200585,12,8,526,65.75,0.912547529
c5210190,19,17,1021,60.05882353,0.999020568
c5216498,49,49,3665,74.79591837,0.80218281
c5222960,21,17,1319,77.58823529,0.773313116
c5250320,1,1,85,85,0.705882353
c5257056,77,77,5698,74,0.810810811
c5265421,2,2,170,85,0.705882353
c5293706,130,0,0,0,0
c5310760,24,24,1818,75.75,0.792079208
c5320327,11,10,775,77.5,0.774193548
c5338944,40,21,1616,76.95238095,0.77970297
c5349012,253,199,14911,74.92964824,0.800751123
c5367359,223,130,8321,64.00769231,0.937387333
c5406921,148,139,9401,67.63309353,0.887139666
c5415410,3,3,232,77.33333333,0.775862069
c5424482,57,55,3152,57.30909091,1.046954315
c5502421,224,210,13916,66.26666667,0.905432596
c5507116,112,111,8499,76.56756757,0.783621603
c5530153,101,96,7533,78.46875,0.764635603
c5531153,3,3,219,73,0.821917808
c5658599,406,398,27945,70.21356784,0.854535695
c5695319,109,108,8735,80.87962963,0.74184316
c5714110,26,23,1311,57,1.052631579
c5736687,131,130,9095,69.96153846,0.857614074
c5751982,18,16,1114,69.625,0.861759425
c5752104,2,2,158,79,0.759493671
c5786532,16,13,872,67.07692308,0.894495413
c5818026,1,1,72,72,0.833333333
c5825744,27,27,2111,78.18518519,0.767408811
c5848356,51,50,3604,72.08,0.832408435
c5849249,62,57,3624,63.57894737,0.943708609
c5849488,290,288,21538,74.78472222,0.802302906
c5864888,148,126,8236,65.36507937,0.917921321
c5880139,29,29,2327,80.24137931,0.747743876
c5904109,2,2,138,69,0.869565217
c5920547,391,314,19780,62.99363057,0.95247725
c5936165,61,61,4351,71.32786885,0.841185934
c5943497,7,7,565,80.71428571,0.743362832
c6000245,37,30,2050,68.33333333,0.87804878
c6031757,228,217,19768,91.09677419,0.658640227
c6031778,581,576,40261,69.89756944,0.858398947
c6065607,20,11,680,61.81818182,0.970588235
c6108233,35,23,1754,76.26086957,0.78677309
c6132480,57,56,3865,69.01785714,0.869340233
c6140267,141,12,836,69.66666667,0.861244019
c6151664,10,10,790,79,0.759493671
c6212763,5,5,380,76,0.789473684
c6213163,125,117,8951,76.5042735,0.784269914
c6232633,80,66,4923,74.59090909,0.804387569
c6252474,3,3,247,82.33333333,0.728744939
c6272123,128,102,5159,50.57843137,1.18627641
c6276862,67,67,4991,74.49253731,0.80544981
c6277447,112,112,8622,76.98214286,0.779401531
c6312322,65,62,4644,74.90322581,0.801033592
c6322332,12,9,658,73.11111111,0.820668693
c6382998,6,4,282,70.5,0.85106383
c6387352,34,34,2480,72.94117647,0.822580645
c6416715,144,142,10105,71.16197183,0.843146957
c6423865,2,2,162,81,0.740740741
c6432426,98,89,6252,70.24719101,0.854126679
c6436082,31,31,2331,75.19354839,0.797940798
c6448621,121,120,9329,77.74166667,0.771786901
c6511530,11,11,869,79,0.759493671
c6535171,7,5,396,79.2,0.757575758
c6555488,1,1,77,77,0.779220779
c6579143,1,1,79,79,0.759493671
c6596328,17,16,1217,76.0625,0.788824979
c6646078,10,9,656,72.88888889,0.823170732
c6648656,15,11,828,75.27272727,0.797101449
c6670259,186,186,14401,77.42473118,0.774946184
c6695554,13,13,866,66.61538462,0.900692841
c6722120,36,27,2033,75.2962963,0.796851943
c6722396,3,2,94,47,1.276595745
c6756051,89,2,163,81.5,0.736196319
c6757044,8,5,410,82,0.731707317
c6782388,31,31,2200,70.96774194,0.845454545
c6838029,4,4,324,81,0.740740741
c6839231,4,3,252,84,0.714285714
c6849094,86,48,3257,67.85416667,0.884249309
c6858475,34,34,2352,69.17647059,0.867346939
c6900939,436,433,31271,72.21939954,0.830801701
c6962106,62,62,4439,71.59677419,0.838026583
c6970516,20,17,1371,80.64705882,0.743982495
c7075743,110,110,9020,82,0.731707317
c7101685,83,78,5170,66.28205128,0.905222437
c7103091,28,28,2132,76.14285714,0.787992495
c7114622,106,85,5900,69.41176471,0.86440678
c7118344,61,61,4592,75.27868852,0.797038328
c7120932,4,4,245,61.25,0.979591837
c7228067,101,57,4212,73.89473684,0.811965812
c7250986,135,127,8582,67.57480315,0.887904917
c7276846,91,91,6676,73.36263736,0.817855003
c7278513,105,82,5991,73.06097561,0.821231848
c7280303,2,2,151,75.5,0.794701987
c7298654,437,437,34495,78.93592677,0.760110161
c7307323,4,4,244,61,0.983606557
c7331354,71,66,3281,49.71212121,1.206949101
c7340541,9,0,0,0,0
c7346508,31,31,2446,78.90322581,0.760425184
c7356094,39,39,2705,69.35897436,0.865064695
c7411371,28,28,2169,77.46428571,0.774550484
c7469328,26,26,1919,73.80769231,0.812923398
c7483952,23,10,770,77,0.779220779
c7509710,4,4,336,84,0.714285714
c7509738,54,25,1785,71.4,0.840336134
c7578256,7,7,574,82,0.731707317
c7586968,53,53,3859,72.81132075,0.824047681
c7644839,51,50,3832,76.64,0.782881002
c7652443,10,7,374,53.42857143,1.122994652
c7708073,23,23,1751,76.13043478,0.788121074
c7709832,12,8,582,72.75,0.824742268
c7764160,33,19,1399,73.63157895,0.814867763
c7823215,66,66,4655,70.53030303,0.850698174
c7840461,61,55,4248,77.23636364,0.776836158
c7866687,1,0,0,0,0
c7874745,4,4,267,66.75,0.898876404
c7888684,18,9,491,54.55555556,1.099796334
c7891302,159,159,13316,83.74842767,0.716431361
c7931929,37,37,2785,75.27027027,0.797127469
c7948568,1,1,79,79,0.759493671
c7949204,106,34,2618,77,0.779220779
c7979995,4956,4140,302697,73.11521739,0.820622603
c8010753,2,2,114,57,1.052631579
c8084416,62,30,1932,64.4,0.931677019
c8129273,29,29,2130,73.44827586,0.816901408
c8163107,159,159,11492,72.27672956,0.830142708
c8169767,3,3,228,76,0.789473684
c8184517,30,18,1119,62.16666667,0.965147453
c8185409,18,0,0,0,0
c8228896,10,4,220,55,1.090909091
c8244891,12,5,246,49.2,1.219512195
c8262878,200,198,14984,75.67676768,0.792845702
c8270704,56,17,1229,72.29411765,0.829943043
c8281657,10,7,508,72.57142857,0.826771654
c8294377,6,4,308,77,0.779220779
c8322914,1,1,77,77,0.779220779
c8328513,56,34,2629,77.32352941,0.775960441
c8365518,7,5,250,50,1.2
c8403618,52,51,3628,71.1372549,0.843439912
c8464471,4,3,238,79.33333333,0.756302521
c8484834,12,6,355,59.16666667,1.014084507
c8500533,16,5,287,57.4,1.045296167
c8511540,40,11,857,77.90909091,0.770128355
c8524035,27,27,2045,75.74074074,0.792176039
c8550451,54,34,2567,75.5,0.794701987
c8593275,101,98,7546,77,0.779220779
c8619577,55,5,358,71.6,0.837988827
c8653638,62,62,4898,79,0.759493671
c8665348,4,0,0,0,0
c8668598,10,9,539,59.88888889,1.001855288
c8677126,35,34,2419,71.14705882,0.843323687
c8689660,29,29,2141,73.82758621,0.812704344
c8693249,4,2,155,77.5,0.774193548
c8708636,16,10,779,77.9,0.770218228
c8770989,2,2,158,79,0.759493671
c8774010,549,286,21137,73.90559441,0.811846525
c8791136,27,27,2106,78,0.769230769
c8809372,28,28,2080,74.28571429,0.807692308
c8862184,437,437,32069,73.38443936,0.817612024
c8924159,232,129,8095,62.75193798,0.956145769
c8934993,5,5,324,64.8,0.925925926
c8940567,12,5,258,51.6,1.162790698
c8953672,113,113,8657,76.61061947,0.783181241
c9000486,49,49,4704,96,0.625
c9007715,114,110,8839,80.35454545,0.746690802
c9021200,131,131,12145,92.70992366,0.647179909
c9028903,5,4,327,81.75,0.733944954
c9053408,1,1,86,86,0.697674419
c9065408,732,633,35077,55.41390205,1.082760783
c9102875,19,11,894,81.27272727,0.738255034
c9119227,138,135,9840,72.88888889,0.823170732
c9134187,1,1,78,78,0.769230769
c9143722,1,0,0,0,0
c9146834,8,8,680,85,0.705882353
c9160076,2,2,174,87,0.689655172
c9171228,45,0,0,0,0
c9178747,114,114,8961,78.60526316,0.763307667
c9208459,58,56,4212,75.21428571,0.797720798
c9247053,416,411,28381,69.05352798,0.86889116
c9262649,2,0,0,0,0
c9266936,3,1,31,31,1.935483871
c9269388,4,1,68,68,0.882352941
c9288141,2,1,77,77,0.779220779
c9336143,31,19,1175,61.84210526,0.970212766
c9361472,38,33,2541,77,0.779220779
c9361777,7,4,199,49.75,1.206030151
c9403504,3,2,170,85,0.705882353
c9436144,324,321,22618,70.46105919,0.851534176
c9446592,2,2,158,79,0.759493671
c9452111,60,54,3370,62.40740741,0.961424332
c9452519,207,206,16533,80.25728155,0.747595718
c9464572,4,2,143,71.5,0.839160839
c9476504,44,35,2643,75.51428571,0.794551646
c9486452,3,3,189,63,0.952380952
c9493400,2,2,158,79,0.759493671
c9515821,4,4,271,67.75,0.885608856
c9567907,13,10,534,53.4,1.123595506
c9574634,2,1,64,64,0.9375
c9594535,151,109,6424,58.93577982,1.018057285
c9635502,92,92,6795,73.85869565,0.812362031
c9653602,8,7,514,73.42857143,0.817120623
c9659699,23,11,802,72.90909091,0.822942643
c9674283,1,0,0,0,0
c9676498,56,26,1999,76.88461538,0.780390195
c9695765,50,35,2292,65.48571429,0.916230366
c9741915,7,2,131,65.5,0.916030534
c9751918,3,3,236,78.66666667,0.762711864
c9787037,1,1,64,64,0.9375
c9804963,520,520,38480,74,0.810810811
c9810415,96,96,7092,73.875,0.812182741
c9830188,3,2,122,61,0.983606557
c9831104,6,4,176,44,1.363636364
c9847166,18,9,590,65.55555556,0.915254237
c9847299,4,4,306,76.5,0.784313725
c9867924,4,4,348,87,0.689655172
c9909824,46,46,3100,67.39130435,0.890322581
c9919040,187,187,14120,75.50802139,0.794617564
c9969659,3,1,21,21,2.857142857
c9972093,56,56,4488,80.14285714,0.748663102
c9981058,9,7,419,59.85714286,1.002386635
c9981570,30,28,2688,96,0.625
c9991080,9,4,224,56,1.071428571
d0093638,56,50,2786,55.72,1.076812635
d0119270,8,3,231,77,0.779220779
d0142121,321,310,23496,75.79354839,0.791624106
d0159716,286,179,11854,66.22346369,0.906023283
d0179123,222,2,75,37.5,1.6
d0201706,45,45,3534,78.53333333,0.764006791
d0203685,5,1,77,77,0.779220779
d0227750,74,55,2919,53.07272727,1.130524152
d0268975,98,98,7518,76.71428571,0.782122905
d0272922,2,0,0,0,0
d0280194,196,165,9568,57.98787879,1.034698997
d0297959,20,16,1226,76.625,0.783034258
d0351020,96,95,7485,78.78947368,0.761523046
d0360768,105,104,7203,69.25961538,0.866305706
d0395177,2,2,142,71,0.845070423
d0404100,1,1,77,77,0.779220779
d0408889,35,29,1617,55.75862069,1.07606679
d0423879,29,27,2011,74.48148148,0.805569368
d0426124,20,14,998,71.28571429,0.841683367
d0426685,65,1,46,46,1.304347826
d0473482,109,86,5020,58.37209302,1.027888446
d0499327,100,56,3982,71.10714286,0.843797087
d0536153,17,17,1208,71.05882353,0.844370861
d0639673,58,58,5278,91,0.659340659
d0718395,1,1,61,61,0.983606557
d0780473,12,6,349,58.16666667,1.031518625
d0782820,1,1,62,62,0.967741935
d0795308,98,1,53,53,1.132075472
d0827574,51,40,2928,73.2,0.819672131
d0832228,20,0,0,0,0
d0843182,48,46,3487,75.80434783,0.791511328
d0850659,23,9,662,73.55555556,0.81570997
d0870411,1,1,87,87,0.689655172
d0903539,3,0,0,0,0
d0924998,6,6,449,74.83333333,0.801781737
d0935861,73,73,5641,77.2739726,0.776458075
d0953874,1,0,0,0,0
d0954966,6,4,314,78.5,0.76433121
d0978090,95,70,5466,78.08571429,0.768386389
d1067159,86,82,5908,72.04878049,0.832769127
d1067181,26,22,1890,85.90909091,0.698412698
d1072385,38,28,1692,60.42857143,0.992907801
d1091269,11,10,790,79,0.759493671
d1111866,246,140,11478,81.98571429,0.731834814
d1141378,1,1,73,73,0.821917808
d1144894,34,34,2450,72.05882353,0.832653061
d1176776,10,10,960,96,0.625
d1178551,23,21,1452,69.14285714,0.867768595
d1213167,1,1,62,62,0.967741935
d1237051,1,1,77,77,0.779220779
d1261087,30,30,2237,74.56666667,0.804649084
d1262637,1,0,0,0,0
d1317857,37,32,2721,85.03125,0.705622933
d1353685,2,2,154,77,0.779220779
d1355994,28,20,1340,67,0.895522388
d1402647,208,208,15510,74.56730769,0.804642166
d1411441,121,121,10032,82.90909091,0.723684211
d1415929,83,80,5751,71.8875,0.834637454
d1430396,93,92,7095,77.11956522,0.778012685
d1478253,66,51,3231,63.35294118,0.947075209
d1505727,76,0,0,0,0
d1517581,29,25,1907,76.28,0.786575773
d1525483,168,151,11304,74.86092715,0.8014862
d1575157,39,39,2782,71.33333333,0.841121495
d1677565,5,5,385,77,0.779220779
d1692384,13,7,557,79.57142857,0.754039497
d1716954,15,15,1230,82,0.731707317
d1737708,1,0,0,0,0
d1740194,108,106,7349,69.33018868,0.865423867
d1742179,21,0,0,0,0
d1768677,1,0,0,0,0
d1829163,2,2,112,56,1.071428571
d1836563,602,596,38415,64.45469799,0.930886373
d1838031,19,19,1450,76.31578947,0.786206897
d1856941,31,0,0,0,0
d1899883,14,5,395,79,0.759493671
d1913652,3,2,144,72,0.833333333
d1921061,40,33,2356,71.39393939,0.84040747
d1963558,8,8,579,72.375,0.829015544
d1981599,7,7,658,94,0.638297872
d1993660,49,17,1309,77,0.779220779
d2014137,39,39,3017,77.35897436,0.775604906
d2029502,189,189,12401,65.61375661,0.914442384
d2049678,3,1,72,72,0.833333333
d2076017,149,121,7835,64.75206612,0.926611359
d2094308,50,44,3085,70.11363636,0.855753647
d2098344,10,9,458,50.88888889,1.179039301
d2113798,22,13,1001,77,0.779220779
d2119437,542,531,40175,75.65913371,0.793030492
d2127554,94,93,7783,83.68817204,0.716947193
d2146876,6,6,498,83,0.722891566
d2151367,25,17,1266,74.47058824,0.805687204
d2173730,29,29,2194,75.65517241,0.793072015
d2174727,1,1,77,77,0.779220779
d2180845,183,181,13866,76.60773481,0.783210731
d2187176,112,112,8380,74.82142857,0.801909308
d2194950,529,506,37687,74.48023715,0.805582827
d2266407,349,337,22578,66.99703264,0.895562052
d2274461,5,3,260,86.66666667,0.692307692
d2293869,8,4,257,64.25,0.93385214
d2301472,24,24,1738,72.41666667,0.82853855
d2303717,7,6,499,83.16666667,0.721442886
d2306367,17,13,1025,78.84615385,0.76097561
d2310424,247,247,18278,74,0.810810811
d2322770,2,2,162,81,0.740740741
d2365158,3,2,152,76,0.789473684
d2375400,586,586,45122,77,0.779220779
d2379032,7,5,388,77.6,0.773195876
d2392544,53,53,3409,64.32075472,0.932824875
d2432861,54,54,3970,73.51851852,0.816120907
d2438142,284,224,14762,65.90178571,0.910445739
d2472717,32,13,1001,77,0.779220779
d2475986,4,4,298,74.5,0.805369128
d2513332,27,27,1960,72.59259259,0.826530612
d2515890,31,31,2286,73.74193548,0.813648294
d2568150,104,0,0,0,0
d2591528,31,29,2239,77.20689655,0.777132649
d2788989,11,7,525,75,0.8
d2837514,27,3,183,61,0.983606557
d2861976,179,179,14578,81.44134078,0.736726574
d2863834,1,1,68,68,0.882352941
d2870668,54,54,3867,71.61111111,0.837858805
d2871622,193,193,17332,89.80310881,0.668128318
d2900432,1,1,68,68,0.882352941
d2913029,194,192,14164,73.77083333,0.813329568
d2960320,6,6,474,79,0.759493671
d2979279,30,30,2208,73.6,0.815217391
d3001886,57,0,0,0,0
d3005338,7,6,465,77.5,0.774193548
d3073288,2,2,158,79,0.759493671
d3105082,206,160,12047,75.29375,0.796878891
d3113242,41,14,1024,73.14285714,0.8203125
d3124416,107,91,6445,70.82417582,0.847168348
d3139846,3,3,213,71,0.845070423
d3149352,4,4,298,74.5,0.805369128
d3151426,132,126,7364,58.44444444,1.02661597
d3153460,96,96,7584,79,0.759493671
d3176387,7,6,463,77.16666667,0.777537797
d3191660,6,5,373,74.6,0.804289544
d3248996,73,73,6789,93,0.64516129
d3250234,28,21,1627,77.47619048,0.774431469
d3265469,317,314,23187,73.84394904,0.812524259
d3272719,9,7,547,78.14285714,0.767824497
d3285621,43,43,3234,75.20930233,0.797773655
d3310502,98,95,7095,74.68421053,0.803382664
d3332383,13,4,303,75.75,0.792079208
d3339507,5,4,280,70,0.857142857
d3342117,57,57,4392,77.05263158,0.778688525
d3348153,270,248,18237,73.53629032,0.815923672
d3370612,81,81,6017,74.28395062,0.807711484
d3382780,61,57,3714,65.15789474,0.920840065
d3396433,6,4,186,46.5,1.290322581
d3410054,29,26,1761,67.73076923,0.885860307
d3420525,35,34,2536,74.58823529,0.804416404
d3452670,1,1,79,79,0.759493671
d3491619,3,3,215,71.66666667,0.837209302
d3492746,66,66,5100,77.27272727,0.776470588
d3496853,23,21,1588,75.61904762,0.793450882
d3500422,1,1,61,61,0.983606557
d3505751,95,95,7315,77,0.779220779
d3518616,17,17,1207,71,0.845070423
d3547151,4,4,316,79,0.759493671
d3548641,9,7,447,63.85714286,0.939597315
d3629036,29,29,2211,76.24137931,0.78697422
d3633466,2,1,78,78,0.769230769
d3637945,33,25,1568,62.72,0.956632653
d3646360,131,129,9756,75.62790698,0.793357934
d3744583,4,4,231,57.75,1.038961039
d3746598,18,14,1047,74.78571429,0.802292264
d3819236,1,1,72,72,0.833333333
d3837381,2,1,85,85,0.705882353
d3910598,179,26,1601,61.57692308,0.974391006
d3933447,71,71,5280,74.36619718,0.806818182
d3954976,1,1,61,61,0.983606557
d4017663,2,2,158,79,0.759493671
d4048915,7,5,371,74.2,0.808625337
d4076072,482,430,30397,70.69069767,0.848767971
d4085955,150,150,10219,68.12666667,0.880712398
d4174671,59,40,2966,74.15,0.8091706
d4180529,1,1,74,74,0.810810811
d4198938,210,196,14840,75.71428571,0.79245283
d4210849,68,67,4465,66.64179104,0.900335946
d4240881,137,108,9560,88.51851852,0.677824268
d4248401,27,27,2046,75.77777778,0.791788856
d4252346,182,180,13134,72.96666667,0.822293285
d4299488,5,5,391,78.2,0.767263427
d4316118,313,205,15758,76.86829268,0.780555908
d4322214,5,4,208,52,1.153846154
d4354052,212,195,14123,72.42564103,0.828435885
d4383161,1,1,64,64,0.9375
d4390561,12,10,585,58.5,1.025641026
d4411358,54,54,3928,72.74074074,0.824847251
d4447151,2912,2849,223913,78.59354159,0.763421507
d4458055,27,27,2113,78.25925926,0.766682442
d4468459,4,4,316,79,0.759493671
d4496531,33,33,2396,72.60606061,0.826377295
d4496920,35,14,1022,73,0.821917808
d4501298,77,75,5559,74.12,0.809498111
d4525082,100,97,6467,66.67010309,0.899953611
d4544517,2,1,82,82,0.731707317
d4550987,69,68,6359,93.51470588,0.641610316
d4637225,22,19,1214,63.89473684,0.939044481
d4667053,193,136,9983,73.40441176,0.817389562
d4667346,114,82,5583,68.08536585,0.881246642
d4669843,2,2,121,60.5,0.991735537
d4694510,24,14,1070,76.42857143,0.785046729
d4748093,21,13,977,75.15384615,0.798362334
d4809009,152,152,11704,77,0.779220779
d4843909,149,149,11862,79.61073826,0.753667172
d4845862,20,5,365,73,0.821917808
d4856618,148,139,9972,71.74100719,0.836341757
d4875427,53,53,3742,70.60377358,0.849812934
d4903730,109,108,8142,75.38888889,0.79587325
d4962361,17,14,770,55,1.090909091
d5035988,4,4,313,78.25,0.766773163
d5062308,121,121,9443,78.04132231,0.768823467
d5079892,95,93,6401,68.82795699,0.871738791
d5097987,6,6,444,74,0.810810811
d5116525,2,2,158,79,0.759493671
d5167869,4,1,87,87,0.689655172
d5198775,488,437,34523,79,0.759493671
d5281481,25,24,1823,75.95833333,0.789906747
d5283533,28,28,2024,72.28571429,0.830039526
d5366461,36,31,2290,73.87096774,0.812227074
d5387225,90,81,7181,88.65432099,0.676785963
d5410981,93,93,6807,73.19354839,0.819744381
d5414220,119,78,6205,79.55128205,0.754230459
d5433691,125,118,8395,71.1440678,0.843359142
d5490585,13,11,857,77.90909091,0.770128355
d5538610,243,237,19176,80.91139241,0.74155194
d5550430,29,27,1909,70.7037037,0.848611839
d5599034,28,22,1609,73.13636364,0.820385333
d5602387,22,22,1717,78.04545455,0.768782761
d5610209,188,125,7212,57.696,1.039933444
d5626065,6,5,282,56.4,1.063829787
d5626434,1,0,0,0,0
d5635480,5,4,226,56.5,1.061946903
d5645033,22,20,1532,76.6,0.783289817
d5669349,30,26,1641,63.11538462,0.950639854
d5669818,39,34,2035,59.85294118,1.002457002
d5683483,151,150,11173,74.48666667,0.805513291
d5703592,1,1,82,82,0.731707317
d5713859,17,13,976,75.07692308,0.799180328
d5774314,567,562,44215,78.67437722,0.762637114
d5783351,1,1,77,77,0.779220779
d5809281,1,1,64,64,0.9375
d5819312,28,19,1563,82.26315789,0.729366603
d5821021,449,442,34284,77.56561086,0.773538677
d5853396,4,3,242,80.66666667,0.743801653
d5882085,4,4,294,73.5,0.816326531
d5899360,13,11,799,72.63636364,0.826032541
d5916527,51,51,3775,74.01960784,0.810596026
d5952154,337,332,24007,72.31024096,0.829757987
d6000465,89,79,5847,74.01265823,0.81067214
d6009811,174,171,11918,69.69590643,0.860882698
d6014389,10,9,549,61,0.983606557
d6028499,137,136,9737,71.59558824,0.838040464
d6040126,27,26,1986,76.38461538,0.785498489
d6040165,40,26,2130,81.92307692,0.732394366
d6060429,98,98,6865,70.05102041,0.856518572
d6062989,16,14,1150,82.14285714,0.730434783
d6072586,47,47,3259,69.34042553,0.865296103
d6076770,64,27,1942,71.92592593,0.834191555
d6077287,1,1,77,77,0.779220779
d6091187,207,200,13357,66.785,0.898405331
d6103572,16,16,1328,83,0.722891566
d6118378,5,4,238,59.5,1.008403361
d6132487,8,7,471,67.28571429,0.891719745
d6133115,51,39,2277,58.38461538,1.027667984
d6138900,102,98,7107,72.52040816,0.827353314
d6142211,63,56,3882,69.32142857,0.86553323
d6163611,9,0,0,0,0
d6168117,113,2,165,82.5,0.727272727
d6175647,264,253,17931,70.87351779,0.846578551
d6257696,77,77,5929,77,0.779220779
d6322978,6,6,475,79.16666667,0.757894737
d6379065,60,60,4821,80.35,0.746733043
d6403956,51,51,3830,75.09803922,0.798955614
d6407104,4,3,162,54,1.111111111
d6416526,62,62,5792,93.41935484,0.642265193
d6428462,105,105,8206,78.15238095,0.767730929
d6447673,96,39,2424,62.15384615,0.965346535
d6500886,8,4,308,77,0.779220779
d6518890,2,0,0,0,0
d6528829,102,100,7455,74.55,0.804828974
d6529543,2,2,160,80,0.75
d6588984,12,10,723,72.3,0.829875519
d6605638,198,0,0,0,0
d6635655,187,187,17017,91,0.659340659
d6636445,26,21,1393,66.33333333,0.904522613
d6679267,116,114,8983,78.79824561,0.761438272
d6696962,48,48,3551,73.97916667,0.811039144
d6732458,11,8,589,73.625,0.814940577
d6740085,26,26,1984,76.30769231,0.786290323
d6794073,547,544,43785,80.48713235,0.745460774
d6797594,22,22,1539,69.95454545,0.857699805
d6802715,2,2,151,75.5,0.794701987
d6815380,57,0,0,0,0
d6816713,14,8,587,73.375,0.817717206
d6866215,66,38,2846,74.89473684,0.801124385
d6888435,23,21,1553,73.95238095,0.811332904
d6891774,4929,4904,364379,74.3024062,0.807510861
d6896891,15,12,1013,84.41666667,0.710760118
d6924165,26,26,1969,75.73076923,0.792280345
d6977413,3,2,143,71.5,0.839160839
d7017172,3,1,67,67,0.895522388
d7072794,2,2,166,83,0.722891566
d7104359,22,15,1163,77.53333333,0.773860705
d7135982,2,2,134,67,0.895522388
d7164187,3,1,85,85,0.705882353
d7167297,35,25,1488,59.52,1.008064516
d7226150,58,57,4227,74.15789474,0.809084457
d7288445,118,118,8794,74.52542373,0.805094383
d7305074,47,39,2856,73.23076923,0.819327731
d7314459,66,52,4134,79.5,0.754716981
d7320999,1,1,78,78,0.769230769
d7402153,213,208,14562,70.00961538,0.857025134
d7431933,27,0,0,0,0
d7436456,50,50,3834,76.68,0.782472613
d7465457,83,83,5598,67.44578313,0.88960343
d7506996,27,24,1863,77.625,0.77294686
d7512135,1,1,76,76,0.789473684
d7514410,149,149,11622,78,0.769230769
d7544024,208,207,15279,73.8115942,0.812880424
d7570834,10,2,120,60,1
d7596072,67,67,5206,77.70149254,0.772185939
d7630500,5,1,74,74,0.810810811
d7687198,19,19,1482,78,0.769230769
d7725039,415,409,29852,72.98777506,0.822055474
d7744321,40,40,3075,76.875,0.780487805
d7766624,114,94,4788,50.93617021,1.177944862
d7771074,216,132,9682,73.34848485,0.818012807
d7793909,9,0,0,0,0
d7828988,16,8,606,75.75,0.792079208
d7908887,48,48,3628,75.58333333,0.793825799
d7913865,1,1,82,82,0.731707317
d7950391,413,327,25515,78.02752294,0.768959436
d7954112,7,5,385,77,0.779220779
d7975093,1,0,0,0,0
d7979422,2,2,153,76.5,0.784313725
d8004385,5,1,79,79,0.759493671
d8032537,32,32,2348,73.375,0.817717206
d8103870,7,7,366,52.28571429,1.147540984
d8139897,564,446,26221,58.79147982,1.020556043
d8148348,33,32,2479,77.46875,0.774505849
d8151356,210,210,15130,72.04761905,0.832782551
d8154996,28,28,2162,77.21428571,0.777058279
d8167136,4,4,318,79.5,0.754716981
d8196327,98,97,7122,73.42268041,0.817186184
d8201185,11,8,663,82.875,0.7239819
d8201479,7,4,252,63,0.952380952
d8208153,210,208,13792,66.30769231,0.90487239
d8209945,43,40,3228,80.7,0.743494424
d8258321,139,136,7963,58.55147059,1.02473942
d8270305,57,57,4232,74.24561404,0.808128544
d8299972,18,18,1162,64.55555556,0.929432014
d8303956,57,57,4236,74.31578947,0.807365439
d8309070,1,1,39,39,1.538461538
d8319351,4,4,344,86,0.697674419
d8351888,57,57,4319,75.77192982,0.791849965
d8357164,207,207,16030,77.43961353,0.774797255
d8364915,27,26,1810,69.61538462,0.861878453
d8383431,29,29,2117,73,0.821917808
d8428131,20,12,767,63.91666667,0.938722295
d8476372,3,2,124,62,0.967741935
d8481324,21,11,820,74.54545455,0.804878049
d8493770,45,25,1758,70.32,0.853242321
d8496782,21,18,1334,74.11111111,0.809595202
d8518706,41,29,2473,85.27586207,0.703598868
d8564384,1938,1913,160652,83.97909043,0.714463561
d8570567,2,2,147,73.5,0.816326531
d8586355,67,0,0,0,0
d8601202,82,82,5464,66.63414634,0.900439239
d8603617,48,41,3173,77.3902439,0.775291522
d8606889,11,10,549,54.9,1.092896175
d8615330,56,56,4258,76.03571429,0.789102865
d8618386,23,18,1342,74.55555556,0.804769001
d8642133,6,6,126,21,2.857142857
d8646824,24,21,1444,68.76190476,0.872576177
d8648392,5,2,165,82.5,0.727272727
d8650825,9,9,689,76.55555556,0.783744557
d8660789,57,56,3938,70.32142857,0.853224987
d8685183,15,9,657,73,0.821917808
d8749780,3,1,53,53,1.132075472
d8764792,10,10,769,76.9,0.78023407
d8788292,32,32,2538,79.3125,0.756501182
d8788407,139,139,10703,77,0.779220779
d8810243,150,146,10686,73.19178082,0.819764177
d8854357,51,51,4130,80.98039216,0.740920097
d8874777,279,241,16956,70.35684647,0.852795471
d8910968,50,50,3766,75.32,0.796601168
d8957102,7,7,602,86,0.697674419
d9049420,424,410,33169,80.9,0.741656366
d9212915,2,2,151,75.5,0.794701987
d9234786,95,56,4200,75,0.8
d9242872,294,294,22638,77,0.779220779
d9243080,26,18,1228,68.22222222,0.879478827
d9268590,13,11,657,59.72727273,1.00456621
d9280331,100,100,7293,72.93,0.822706705
d9283009,51,48,2635,54.89583333,1.092979127
d9342104,4,3,212,70.66666667,0.849056604
d9344981,104,95,6576,69.22105263,0.866788321
d9359991,6,5,353,70.6,0.849858357
d9371866,75,51,3948,77.41176471,0.775075988
d9408176,12,12,758,63.16666667,0.949868074
d9418615,2,0,0,0,0
d9432077,6,1,77,77,0.779220779
d9522128,12,8,611,76.375,0.785597381
d9539034,1,1,72,72,0.833333333
d9548797,2,0,0,0,0
d9591949,18,5,267,53.4,1.123595506
d9592249,151,151,10673,70.68211921,0.848870983
d9597112,47,41,3149,76.80487805,0.781200381
d9598093,28,23,1157,50.30434783,1.192739844
d9604817,2,0,0,0,0
d9652153,1,1,79,79,0.759493671
d9658064,2,0,0,0,0
d9667263,45,45,3353,74.51111111,0.805249031
d9711397,4,3,217,72.33333333,0.829493088
d9751580,194,157,11806,75.19745223,0.797899373
d9806039,10,6,455,75.83333333,0.791208791
d9835958,44,44,3337,75.84090909,0.791129757
d9842491,43,36,2138,59.38888889,1.010289991
d9886760,34,34,2618,77,0.779220779
d9895000,10,10,564,56.4,1.063829787
d9928623,20,13,1037,79.76923077,0.75216972
d9942507,5,2,154,77,0.779220779
d9942954,60,59,4286,72.6440678,0.825944937
d9954180,35,35,2695,77,0.779220779
