学号,卡挂失,喜付电控转账,卡解挂92429184,1,0,0
69897276,2,0,0
17800824,1,0,0
46489947,0,1,0
38023204,1,0,1
74296779,4,2,1
92038204,5,1,2
37992102,1,0,0
93312344,1,0,2
22246262,0,0,0
96397623,3,3,0
16382176,4,0,1
38839828,5,0,1
22692191,1,0,0
2022736,1,4,1
18152284,0,0,0
19172173,3,0,2
62270929,0,0,0
18142392,1,0,0
24332823,1,0,0
33836494,0,0,0
13729119,1,0,3
82170093,1,4,0
49868022,1,6,0
20133362,1,5,0
84219943,2,0,1
42212441,2,0,1
24268183,1,0,0
36132829,0,0,0
49979246,0,0,0
94599231,2,0,2
91133323,1,0,1
90236161,0,0,0
93972171,6,0,1
93048921,6,4,1
12339847,1,0,1
42830301,0,3,0
76192623,7,0,2
91016172,3,7,0
20329413,3,0,1
12692932,0,0,0
29409979,1,0,0
48916380,1,0,0
89197097,2,0,0
77297429,2,16,0
32906203,4,1,11
81976906,0,0,0
44773872,2,0,2
33338238,4,0,0
71962216,2,0,0
22366322,1,0,0
69931231,1,0,1
90276110,1,9,0
13332714,1,0,1
22912912,2,0,1
29247233,2,0,2
22999378,3,0,4
10682233,1,8,0
94973223,0,2,0
29831872,2,0,0
33977282,9,0,3
81432228,8,0,1
91988477,12,0,15
32691479,2,0,2
32569348,6,0,1
82274418,5,0,0
68088770,1,2,0
38242243,2,0,1
37929335,0,0,0
96813892,3,1,1
99180011,4,0,1
28194008,3,0,2
28202772,0,0,0
27972063,1,0,0
32318332,1,0,0
39116287,7,6,3
92183796,3,9,1
73399613,1,0,0
3216067,5,0,4
13059942,2,0,2
21162373,7,5,2
53893307,1,0,0
27199732,1,0,0
25182968,4,0,1
22262912,2,0,1
21792709,7,0,1
74141239,8,0,2
72239603,5,2,5
62111036,0,12,1
64062288,0,0,0
27776390,2,0,1
19129711,0,0,0
34197612,4,0,1
99323130,0,0,0
22324322,0,0,0
92282342,4,0,2
59693998,3,0,1
12383422,2,0,0
40132940,1,0,1
21233648,1,0,0
93369434,5,0,2
43978852,0,0,0
28101148,2,9,2
97361277,1,22,0
27523967,4,0,2
92167326,5,1,3
79210227,4,17,0
22081137,1,0,0
93822667,1,0,1
96136029,5,0,2
81918122,1,0,0
96238019,4,0,6
78921111,0,0,0
22241449,1,0,0
42859427,5,0,2
31606042,3,0,2
47227399,2,0,2
23429231,4,0,2
86235798,6,0,4
22368983,0,0,0
33110272,0,10,0
98462843,3,0,0
63338911,2,0,0
28231317,2,0,0
91944224,4,7,5
12912329,1,0,1
93273391,1,0,1
23208224,2,0,1
14498633,2,0,0
38291961,3,0,0
31321294,4,0,3
62329197,4,0,0
81832389,1,0,1
22880196,1,0,0
91388529,1,0,2
99722239,1,0,0
90628784,2,0,0
34768890,2,8,1
72632713,3,0,0
32799537,2,6,0
23933692,2,0,0
60747962,1,0,1
91819222,1,0,0
14632429,0,0,0
31322490,9,0,0
8389337,1,0,0
46227174,0,0,0
12399262,0,6,0
91232693,12,5,6
94011342,1,0,0
32372998,1,0,1
26764612,0,0,0
20413647,2,2,1
87912989,2,0,1
16228098,2,0,1
91610172,4,0,2
76243323,1,3,0
98989017,0,0,0
18991929,2,0,0
82436329,2,0,1
77621131,0,0,0
22438079,1,0,0
49915134,3,0,0
74901339,2,2,1
98323914,2,1,1
8419598,2,0,2
36888029,4,0,2
31929762,0,0,0
21902895,1,0,0
36724746,0,0,0
68099280,0,7,0
99621903,3,0,0
96996727,1,0,0
52824972,1,0,0
69243762,2,0,1
32796472,3,2,1
71421972,2,0,0
63290092,1,2,0
32738013,1,0,0
23122142,10,0,4
22269189,2,0,5
27099642,9,0,4
91488421,3,7,0
29873668,7,11,4
86116940,6,0,1
22960334,4,0,1
21221716,1,0,0
82117123,1,4,1
39424612,1,0,0
73124132,0,0,0
87943322,3,0,0
19132372,0,0,0
67820349,3,5,1
89849423,0,0,0
81232692,4,6,3
21291139,3,0,1
12331291,0,0,0
33029233,1,5,0
29282923,1,3,1
12732372,1,0,0
73391194,2,0,0
22721272,0,0,0
39223102,1,5,0
32691722,1,12,0
1922291,4,0,1
12293712,3,0,0
93032929,1,0,0
29960312,9,2,1
99625698,8,0,4
61224269,0,0,0
72214922,2,0,0
42269182,0,5,0
42206292,6,0,0
22389692,4,0,4
22027262,0,6,0
98782242,3,0,0
62697314,1,0,0
34769792,2,0,1
89819122,3,1,1
29727429,1,5,4
77804792,1,0,0
22143296,1,0,1
48409636,3,1,2
86222192,1,0,0
21023234,1,0,1
71313343,9,0,11
42222997,0,0,0
41996613,1,0,1
7481936,5,0,0
16192212,3,0,2
99292792,3,2,0
46170317,3,0,4
37173309,4,0,4
99262847,0,0,0
22233892,3,0,2
19789972,4,6,2
99834911,3,0,1
37212339,6,0,1
46028329,0,0,0
49346514,1,0,0
18114082,0,0,0
67921713,0,0,0
95622792,3,0,1
23096207,4,14,4
13139320,0,0,0
66791433,2,0,0
16207292,0,0,0
11299449,2,0,0
93122312,4,0,0
21311392,3,0,1
62263956,1,0,0
28733921,9,0,3
31821332,1,0,0
23231469,0,0,0
38933320,0,0,0
38372233,5,0,1
22862362,2,0,1
63299272,1,0,0
33120893,4,0,2
21289165,4,0,2
73629060,2,0,0
82341720,2,0,1
61831661,1,0,0
13579792,1,0,0
33639409,1,0,0
32180994,5,0,1
76916713,5,0,1
17292729,6,12,1
39699322,1,0,0
25971937,3,0,1
39488246,4,0,1
91392122,0,0,0
96242633,1,0,0
26622992,7,0,3
17020822,1,3,0
2687395,1,0,0
79624612,1,0,0
62792026,2,0,2
22822940,1,0,0
26372896,2,0,1
38129892,1,0,0
19393332,5,0,0
94229369,0,10,0
77192148,2,0,1
62294116,1,0,1
17912992,2,0,1
61871022,16,0,9
62094992,1,0,0
26869329,3,0,2
43121294,0,0,0
83727621,6,0,0
8319622,2,0,2
87304642,0,1,0
90601284,1,0,0
63472392,3,0,0
94247139,2,0,0
11313837,0,0,0
12883799,1,0,0
29292121,1,0,0
74102622,2,0,0
11413984,2,0,0
92932219,1,5,0
43319461,1,0,0
44938032,2,7,1
29607337,3,4,0
19222621,2,0,0
1696881,4,19,0
91209184,0,0,0
81220939,0,0,0
41717199,0,0,0
29412624,2,0,1
72978293,4,0,1
64324239,7,0,6
22812004,0,2,0
21301381,0,3,0
8318731,2,0,0
48298644,4,0,3
94711679,2,0,0
22301231,0,0,0
97703962,0,2,0
36324367,1,0,0
67199762,1,0,0
22623827,2,0,0
69272935,2,0,1
38212603,0,0,0
32132277,3,0,1
23226243,0,0,0
80308639,5,0,4
82393391,7,5,3
28922622,5,0,1
65339247,0,0,0
97829241,0,1,0
83021329,0,0,0
32812222,1,0,0
28277923,5,0,2
22291125,3,0,1
12890212,0,1,0
18268278,1,0,0
20883633,2,3,2
29298829,2,0,0
39431728,3,0,0
61688902,7,0,4
69273292,1,0,0
53642932,2,0,1
69840623,4,0,3
33420634,5,0,0
12934842,4,0,2
12938922,1,0,0
92367023,1,2,0
19318826,4,0,1
71233324,4,1,1
22933944,2,0,0
29984237,0,3,0
32892246,3,0,1
14787291,8,0,3
22149479,4,0,1
93529131,2,0,0
7690119,1,0,0
93236331,10,0,5
63103036,2,0,0
94986106,0,0,1
28860078,1,0,2
62902043,5,0,0
49291727,2,1,1
62166122,3,6,2
72263302,2,0,2
93432920,3,0,0
49612121,5,0,3
26730967,3,0,1
42216037,2,0,1
14299216,2,0,0
68262283,2,0,1
18487398,1,0,0
11471732,4,0,0
12962078,1,0,0
79222119,0,0,0
97226923,4,0,1
22184303,11,0,1
73612917,6,0,2
47279932,1,17,0
26926939,0,7,1
13243693,6,0,4
43292064,1,0,0
29992226,0,0,0
7239624,4,3,0
29223986,0,3,0
97889769,4,4,2
28301293,0,1,0
39432709,1,0,0
89147286,0,0,0
22582822,1,0,1
85331391,1,0,2
61139123,0,0,0
99987324,0,8,0
73191720,0,0,0
36219302,3,4,2
83141401,7,0,2
63803999,10,2,5
91728804,1,1,0
70233937,2,5,1
71928722,0,0,0
10837164,1,5,0
47111621,3,0,0
19891390,2,0,2
6317384,13,1,3
98978252,0,0,0
3236611,0,0,0
32812440,6,3,2
34212360,1,0,0
48263839,0,0,0
22163819,0,0,0
56999112,2,0,2
79072770,4,2,0
37294398,2,0,1
48432242,6,3,1
34179314,1,0,0
12942114,2,0,0
29227674,0,0,0
72209131,2,0,0
66624992,4,0,1
39126478,1,0,0
98110321,2,1,1
1399922,6,0,2
29292689,1,0,0
61212217,2,0,3
84032611,5,0,0
80348014,1,1,0
4196561,3,0,3
72263362,2,0,1
12893932,3,0,1
12862813,1,0,0
68322419,5,0,2
19729972,5,5,1
82706812,1,0,0
98528937,0,0,0
89399422,0,0,0
46217374,3,0,1
37380444,1,0,0
62611482,2,0,2
62629013,2,11,0
22222322,3,0,1
62129761,3,0,0
33179394,2,1,0
71419608,2,1,1
22981779,0,0,1
66383266,2,0,0
78122299,0,0,0
36223297,3,0,0
4186290,2,2,1
7177821,0,0,0
24337983,1,3,0
98494122,4,0,0
21392220,1,4,0
28923444,1,0,1
20667843,1,0,0
19210632,6,0,5
94939937,0,0,0
42223963,2,0,0
76951927,0,0,0
19121124,1,0,1
44674648,2,0,2
51699219,0,0,0
90008243,2,0,0
31941147,5,0,1
86399620,2,0,2
4126238,3,1,2
62922305,5,0,3
12493740,3,0,0
44961703,0,0,0
27901228,5,0,1
29658486,1,0,0
17347217,4,0,1
28146160,1,3,1
29229937,0,0,0
1932967,1,1,0
32832213,2,0,1
34222912,2,0,1
27120209,7,1,5
21864360,4,0,3
68281692,4,0,0
9374680,1,0,0
72926492,9,4,3
35691836,1,0,0
78953724,4,0,2
72214862,5,0,0
82667923,1,7,1
22679223,5,0,4
62129683,4,0,0
22981043,2,2,0
71271401,6,0,1
23147624,4,0,0
79233292,4,0,2
73293284,2,0,0
19321909,1,0,0
62499964,1,0,0
88297211,3,0,1
96583396,3,0,0
97110022,2,0,0
32442262,0,0,0
61224131,1,0,1
23106424,0,0,0
25039893,3,0,0
14309221,0,0,0
32932027,1,0,0
29773127,10,0,1
10289531,0,0,0
43642210,6,0,4
91233743,0,0,0
22323444,2,0,0
68320247,1,5,0
13992341,3,2,3
9259734,3,0,0
89131792,3,7,1
29912377,3,0,1
3223921,3,0,0
26146582,1,0,0
49822298,5,9,0
66313631,0,0,0
38424323,2,0,0
94908796,4,1,0
88865393,0,0,0
19323141,7,0,5
22961761,0,0,0
12814492,4,0,0
26939895,7,0,4
33210929,1,0,0
21142292,11,0,7
16982891,2,2,0
32987013,2,5,1
23283282,8,0,1
21997799,2,3,0
79021974,3,4,1
33832121,0,0,0
12223222,6,0,1
2120391,1,2,0
24271321,2,0,0
23981132,0,0,1
71633662,5,0,2
21237922,5,0,1
23719129,3,9,2
44241643,2,0,0
42976171,0,0,0
14332231,0,0,0
2193410,3,0,0
12087822,3,0,2
17332169,2,0,2
61232133,0,0,1
21833026,3,0,0
11877304,9,0,3
25292846,1,0,1
30612198,1,0,1
21961733,2,0,0
11944127,1,0,1
24282284,3,0,0
62222322,0,0,0
2981712,1,0,0
9522484,5,0,7
31123268,1,0,0
79916133,5,0,2
86665996,6,0,0
22874932,1,0,0
21907192,4,0,4
23846995,4,0,1
40939838,1,0,0
20894430,1,0,0
30787978,0,0,0
33661173,1,2,0
48182646,0,0,0
81931276,0,0,0
22842139,1,0,0
91677368,0,0,0
21392127,5,0,0
33460224,0,0,0
18390992,1,6,1
73924917,1,0,0
90472103,1,0,0
68708699,5,0,8
16390083,2,2,0
10677220,4,3,0
81807282,1,0,1
14311489,0,0,0
90083127,4,2,1
23348117,3,0,3
63112323,1,0,0
29222368,2,0,0
61604116,3,0,1
63332432,7,0,4
42842232,0,0,0
97199712,0,2,0
76278293,0,0,0
31324928,2,0,0
79483184,0,0,0
51282129,16,0,4
63719632,1,0,0
27278922,3,0,2
39292272,1,0,0
79409122,0,8,0
37248732,1,0,0
24461101,3,0,0
48430292,4,0,1
82946273,7,3,1
89432713,6,0,3
79972162,3,19,2
33224288,1,0,0
76427222,5,0,4
19395714,5,0,4
11292262,0,0,0
94792073,2,0,1
72021162,3,0,1
8168867,1,5,0
61628210,1,0,0
29611020,0,0,0
36002427,3,4,2
97995149,1,0,0
39207816,2,0,1
91965897,6,0,0
94722671,9,0,3
97284727,0,0,0
28188012,0,0,0
7732216,1,0,0
38111133,0,0,0
69014149,5,0,1
32269321,4,9,2
81692229,2,2,0
92228212,1,0,0
71721219,5,0,2
94423321,5,0,6
99182312,0,0,0
38324090,1,0,0
72723164,7,0,7
18141894,3,0,0
33437872,0,0,0
31477818,4,0,2
71972149,6,0,5
77114026,9,0,7
92281864,2,0,0
93266252,0,0,0
99187447,4,0,2
87918729,0,0,0
31830672,1,0,0
23922919,1,0,0
23169239,5,0,1
18386234,5,0,0
27168423,2,0,0
87992998,5,0,7
92997147,0,0,0
12162934,5,0,2
44720186,1,0,0
25932818,13,0,2
36216274,11,0,5
31148143,0,0,0
3828939,1,0,0
20222241,0,0,0
18937238,3,0,1
18987262,5,3,5
61039292,6,0,3
37299254,1,0,0
33313383,4,0,1
91122699,1,0,0
22972901,2,8,0
23484799,5,0,1
49229193,1,0,0
22483294,1,0,0
82897169,1,0,0
77171998,3,0,1
37233272,4,0,0
27939818,0,0,0
28706177,1,8,0
21793810,0,0,0
90985229,0,0,0
82939312,2,0,1
33272933,0,0,0
88937284,1,12,0
91789799,3,0,1
83798220,0,0,0
91231222,2,5,1
6291139,0,0,0
41081892,4,0,2
36329031,7,0,0
31329179,2,0,1
75992273,1,0,0
26722697,4,0,0
37203119,2,0,1
19694172,5,0,0
41473963,7,0,0
98143248,1,4,1
34412292,4,0,0
2671994,2,9,0
29233429,2,0,1
27182782,1,1,0
39171633,0,13,0
18083133,5,0,4
22963092,0,0,0
1320292,1,0,0
13044383,1,0,0
72961319,2,3,0
11333767,0,0,0
2864496,9,0,9
23624602,1,0,0
68846913,8,0,1
99702141,0,0,0
37342872,1,0,1
32127731,0,3,0
22926833,2,0,1
93695947,3,0,1
90497348,1,0,0
33971882,9,0,3
92195932,2,0,1
6934131,0,2,0
10131033,1,0,1
12243216,0,0,0
11113018,2,0,0
11412913,0,0,0
19122939,2,3,1
59026992,0,0,0
36234722,7,0,3
3882319,3,0,0
30642912,3,0,1
91922362,3,0,1
73113264,3,0,3
13364203,1,0,0
32214819,2,0,0
20979031,3,0,1
31212897,1,4,1
43801362,5,0,1
92322621,2,0,0
91288300,0,0,0
10133672,2,0,0
84317250,0,0,0
30149918,4,0,0
95869992,0,0,0
28317897,4,0,1
32871216,0,0,0
24239332,7,0,3
32083779,1,0,0
12902179,3,0,3
38219971,2,0,1
19470974,0,5,0
41960918,4,0,0
60738017,1,0,0
13321921,1,0,1
42119171,1,0,0
19417999,2,0,3
10399043,0,2,0
92822248,2,0,0
19292624,5,0,0
22704263,1,5,0
82962980,1,2,0
13206393,3,0,1
40899416,4,0,1
37673209,0,0,0
91226669,0,0,0
93342322,0,0,0
17119287,2,0,1
23920970,3,0,1
62732327,3,5,1
42784122,0,0,0
6186806,3,0,2
83164217,1,0,0
61299711,3,0,2
22292936,3,0,2
73721942,3,0,0
29090446,1,0,0
38181182,4,3,4
82872958,1,0,1
29799913,7,0,5
22663891,3,0,1
11272927,1,2,3
92916912,2,4,1
79839897,6,9,3
43813209,2,0,0
23069847,0,0,0
92672392,6,0,1
85211693,13,0,9
24646042,2,0,1
33173717,0,0,0
28833836,0,0,0
91294397,2,0,1
58932489,6,0,1
68490109,3,0,0
3799912,1,5,0
12212922,0,0,0
12762779,3,3,1
92377123,8,6,1
89472322,3,0,0
23622669,7,0,1
91629601,2,0,2
87209223,0,0,0
23993957,0,0,0
12821209,11,6,4
73281248,2,0,1
14284812,2,0,0
73139407,3,0,0
39232205,1,0,1
71481299,1,0,0
32263969,4,0,0
92321330,1,0,3
12710322,2,0,0
41142811,0,4,0
22892204,6,2,2
86611243,1,0,0
32890665,5,0,3
13983238,11,0,7
92231071,0,0,0
29622243,0,0,0
19892346,4,0,2
65430399,1,0,0
41922273,3,0,2
28726994,6,0,5
17392462,0,0,0
19137196,1,2,1
74133939,1,0,0
76033099,2,4,1
59442099,1,0,0
27792073,0,0,0
2281224,3,0,0
82830223,2,0,1
12893819,1,3,1
63249792,5,0,3
24210642,2,0,0
30160266,2,0,1
21739714,2,0,1
12018268,1,4,2
32951622,6,0,5
39144123,4,0,0
49190683,1,0,0
22259802,3,0,1
32246107,2,0,0
41976719,2,6,0
43973222,1,0,0
13629596,0,0,0
80821262,5,0,6
39082039,3,4,2
13462624,0,0,0
62912129,1,2,0
47929261,2,0,1
13871132,2,4,1
27926608,5,0,4
67129324,6,0,4
19916324,5,0,2
94623798,2,0,2
19939712,1,3,0
24626412,1,0,0
44327336,1,0,0
26912496,8,0,6
68985303,2,0,1
32789409,0,0,0
32918841,8,4,3
93223922,3,0,0
66132493,4,0,0
29222221,1,0,0
40489842,1,0,0
6866710,0,1,0
48240248,2,8,3
12672769,2,3,0
34222436,3,0,0
77842293,5,0,2
71994233,3,0,2
60276804,2,0,1
1370129,2,0,0
92944443,1,0,1
90987327,5,0,2
19893747,1,0,1
88248018,3,0,0
68593282,3,0,2
89591303,7,0,0
13529984,1,0,1
94320163,3,0,0
24662222,1,1,0
98205217,0,0,0
13216722,0,0,0
64402617,1,0,0
12824882,1,0,0
21248642,2,1,0
23529122,2,0,0
94391928,2,3,0
32439993,4,0,1
79096282,0,0,2
81396717,2,0,1
23932614,0,0,0
27278912,5,0,2
76392701,2,13,0
32808723,1,2,0
18717917,2,0,0
94321418,0,1,0
66248823,6,0,6
62104874,4,4,0
39289281,1,0,0
63229938,5,0,0
37484240,6,0,1
47273912,1,1,1
22724962,6,0,2
63449331,0,0,0
8213811,0,0,0
32898289,4,0,1
92292211,1,0,0
67213321,3,0,2
57947297,2,0,1
22139088,0,0,0
83117664,1,0,0
14219992,4,0,0
94234922,1,0,0
34117295,0,0,0
32822167,3,0,0
96670896,2,0,1
62670831,1,0,0
93523991,0,0,1
23927179,0,5,1
32949384,1,0,0
39297466,0,0,0
23702626,6,0,2
96623724,1,0,0
32807043,1,8,1
51399169,0,0,0
43829474,2,0,0
78632216,1,0,2
92011227,3,0,0
11772278,4,1,3
64292137,1,0,0
89681969,3,0,2
60032221,5,4,4
92277234,3,0,0
92609727,2,0,0
93427870,6,0,2
12106842,1,0,0
44332222,2,0,2
37142193,8,0,3
96181451,4,0,0
24982667,0,0,0
32331299,1,0,1
1968045,2,0,1
37898271,0,0,0
21822996,0,0,0
24694241,1,0,1
33362222,1,0,1
92868940,1,7,0
62662393,0,0,0
22111630,1,0,1
11226268,4,0,0
82208273,6,3,5
78201810,1,0,0
67732262,1,0,0
93911226,3,0,1
2333228,0,0,0
98373162,0,0,0
23492239,1,11,1
19892703,6,0,0
64292617,3,0,2
61221242,4,0,0
11912797,2,7,1
19657193,2,0,0
28438480,7,0,1
4332186,2,0,1
14206722,0,0,0
32972876,2,0,0
71174769,3,0,1
89069352,2,0,0
14266228,2,0,0
46799262,7,3,6
39137219,1,0,0
30772688,1,4,0
38922601,0,1,1
32219953,3,0,3
77948397,1,0,0
92222213,2,0,0
87822920,2,5,1
90277689,0,0,0
49763232,4,0,2
14123442,1,0,0
27294271,1,0,0
14124274,3,0,0
43121263,3,0,2
83472633,5,0,1
97193292,0,0,0
81417639,2,2,0
97406266,6,0,2
84012223,3,0,1
32471820,1,1,0
92791117,5,4,4
52261799,0,0,0
21384973,2,0,1
29224773,0,3,0
96369185,8,0,7
87102840,0,1,0
41607982,0,0,0
32122473,1,0,0
21092166,0,0,0
33708671,2,10,1
72914092,2,0,0
73794622,0,9,0
26629401,0,0,0
21929664,3,0,3
42939727,2,3,1
36137432,3,0,4
27022384,2,0,2
99473166,8,6,5
33896012,8,0,5
32069394,4,0,2
71981723,4,0,2
64488304,0,0,0
66849032,2,0,0
92423821,2,0,0
19142212,0,0,0
37264260,1,10,0
62328231,1,0,0
37109199,0,0,0
38322767,4,4,1
3839607,4,0,1
37312322,1,1,0
89029121,2,1,1
20724949,0,0,0
89801323,2,0,0
29010893,2,0,0
79229711,1,0,3
3299292,1,4,0
15419429,0,0,0
34179138,5,0,1
73324678,4,10,0
21643100,2,0,0
31209068,3,12,1
97939272,0,3,0
9592294,0,0,0
89026176,1,0,0
22002733,2,0,0
7212497,2,0,1
20244380,3,1,0
31722091,8,0,4
97363959,0,0,0
93112129,3,1,0
22272721,2,8,0
83310921,1,0,1
70317833,4,0,1
80789389,6,11,0
38791993,0,0,0
69980471,1,0,0
79869526,0,0,0
33296392,2,0,0
93697802,1,0,0
72085194,5,0,3
39614874,3,0,1
32989420,0,0,0
34973611,0,0,0
38111919,7,0,4
21935232,0,0,0
23182212,2,2,0
22933225,0,0,0
72298113,1,5,1
68297966,3,4,1
71493256,0,0,0
1977923,3,0,6
21496219,3,0,0
78179266,8,11,1
62399827,5,2,8
86779323,1,0,0
70286630,1,8,1
22498273,7,3,2
97218923,0,0,0
22246229,1,0,0
79214920,2,0,0
93438728,5,0,2
42724328,5,0,1
2938630,1,0,0
44708199,6,0,4
17343122,0,0,0
31912123,0,0,0
11609691,2,0,0
19006142,1,0,0
7391821,2,0,2
7319934,1,0,0
83624778,0,0,0
89272303,1,2,0
69193837,2,0,0
23314042,1,0,0
59181812,2,0,1
82387897,1,5,2
81240724,2,5,2
46952316,2,0,0
64246483,1,0,0
82979161,9,0,2
26364033,1,2,0
85816926,4,0,0
17724962,1,0,0
48932385,1,0,0
81912064,3,0,0
34377297,2,0,0
42129983,5,0,2
54948311,7,0,0
18769130,11,0,3
24120120,0,0,0
10643323,0,0,0
80116932,3,4,2
52309946,0,0,0
41242419,2,0,1
23934223,4,0,0
17009389,3,0,2
91998853,1,0,0
93113222,1,0,0
97870814,1,4,0
35373392,6,0,2
27296365,0,0,0
2863126,3,0,2
49904193,2,3,1
43204236,0,0,0
83249448,1,0,1
49961411,8,0,3
31960482,5,0,3
27228980,0,0,0
23072693,2,0,0
97894212,3,3,0
2482161,4,0,1
27712313,2,0,0
28232379,2,2,1
35799338,1,0,0
22928833,3,0,3
22138109,6,0,6
63212917,0,3,0
3287203,3,0,3
36329079,2,0,0
39338238,3,0,0
59421280,1,0,0
24469378,4,0,2
35192919,3,0,1
78968226,1,2,0
73639245,1,0,1
39896143,3,0,0
22678709,1,2,0
18237843,2,0,0
51619298,1,0,1
33317870,2,0,1
7116197,3,0,4
32776323,6,0,2
15919283,2,0,0
61392460,4,0,3
32313962,9,0,4
9712833,0,0,0
36861723,2,0,0
37623197,2,1,0
37008287,0,0,0
21473903,2,3,0
78724922,0,0,0
22222203,5,0,1
22126283,7,0,0
86969703,1,0,0
12336796,2,0,0
27927222,2,1,1
38842279,0,5,0
42248406,0,0,0
49788431,2,0,1
74319871,6,0,5
41013317,7,0,3
86219241,1,0,0
92222297,2,0,1
73222020,4,0,1
26380163,2,2,2
41968199,3,1,1
12191479,6,0,3
9958823,1,0,0
31133242,5,2,2
78698982,2,1,0
32226127,0,1,0
77141020,1,0,1
71190439,0,1,0
17321234,6,0,3
24329176,2,0,0
12799206,0,0,0
70034696,3,0,1
21210489,2,0,8
38238866,3,0,0
82339381,1,5,1
21109014,0,0,0
78229190,0,0,0
39443126,1,0,1
29281277,1,0,1
42272227,8,0,2
22073286,9,6,2
56931896,1,0,0
14238902,5,0,2
86781912,5,0,4
97569297,9,0,6
21289709,0,0,0
24612297,2,0,2
22291224,0,0,0
31859374,5,0,4
73328037,7,0,2
94279225,0,0,0
94020193,3,0,1
43193423,4,0,1
22032194,4,0,2
72913961,1,4,0
11967936,7,2,3
97968238,6,5,6
80863143,2,2,1
54237292,1,0,1
29896971,2,0,2
62182498,2,0,4
39197221,1,2,0
71291223,0,0,0
92188313,2,0,1
92917369,0,2,0
19795019,1,0,0
68213222,1,0,0
90238206,3,7,2
92596333,1,0,2
39221902,0,0,0
39265329,2,0,1
63222660,4,0,0
67889237,2,0,0
63241959,0,0,0
39779972,2,0,1
22162022,1,0,0
8422408,3,0,1
21922227,6,0,6
90666242,0,0,0
88187226,1,4,0
39922239,0,0,0
48207863,2,0,0
93621248,2,2,1
99128918,5,0,0
87212912,1,4,1
49129284,1,0,0
73977939,0,0,0
2222811,2,3,2
46233890,0,13,0
69272933,3,8,0
32163239,3,0,2
33322296,0,1,0
62022396,1,0,1
37372612,1,0,1
14622284,0,0,0
73793462,4,0,0
49090396,0,0,0
97279911,0,1,0
32842426,0,0,0
11294287,1,0,1
16439231,2,0,1
38328302,1,0,0
12398669,4,4,7
22238067,1,0,0
28269799,1,0,0
11881234,2,0,0
12822320,2,1,1
38319426,0,0,0
62268236,1,0,0
32339326,2,0,0
93267531,2,0,0
61985226,0,0,0
39392790,3,6,0
79591790,11,0,5
59692677,2,0,0
27269638,1,0,0
27236289,4,0,1
29740763,1,0,0
82446919,1,0,1
13964206,11,0,4
68394917,0,0,0
41692234,0,0,0
39329328,7,0,5
19599317,1,0,0
43137233,2,0,0
82412742,1,0,0
22931169,1,9,0
99222277,4,0,5
19818229,3,0,3
31246683,2,0,0
21932421,1,0,0
27290784,2,0,1
29262321,7,0,1
11992688,1,0,2
12978433,0,0,0
19809294,1,0,0
87163274,0,0,0
12382684,1,0,0
21908222,1,0,0
62849327,2,0,1
61689921,0,0,0
46722292,4,0,3
94228860,4,0,3
32629230,3,0,0
39027928,2,0,1
48519934,0,0,0
97129370,2,0,1
22324638,1,0,0
22332264,0,0,0
41731398,0,0,0
32429496,4,0,1
24821301,3,0,1
91716987,0,0,0
14126921,4,0,2
29049830,3,0,3
88677991,4,5,3
81296206,0,1,0
99481147,2,3,0
1869639,0,0,0
18918829,4,0,2
29161423,6,4,1
11292098,2,0,0
6732119,3,2,1
31293290,2,0,0
32433610,0,0,0
27234312,2,0,1
32822921,3,0,1
99141983,4,0,0
97153277,0,0,0
22317777,0,0,1
13914379,1,0,0
33269732,0,0,0
84373228,3,0,2
62378476,1,0,0
36216913,0,0,0
85890129,6,0,2
12123961,5,0,1
1641236,4,0,1
38132042,2,0,0
48902435,3,0,1
23956929,1,0,1
2693461,2,0,0
92234792,1,0,1
43212983,5,0,0
46423269,1,0,1
21922911,2,0,0
3238209,2,0,0
61269692,0,0,0
20689232,1,0,0
68721230,3,0,0
82227026,0,0,0
92379691,0,0,1
23112224,3,0,1
82119129,0,0,0
4832317,2,0,3
82482309,1,0,0
31361163,3,0,0
73229281,3,0,2
28082994,1,1,2
36293122,0,0,0
38749916,4,0,2
21277778,4,0,1
27482993,0,0,0
21237919,0,0,0
7629892,3,2,0
77662349,3,0,3
76672893,3,0,2
82322231,4,0,1
93123348,1,0,1
12299241,4,3,2
90211198,2,3,1
69242222,0,0,0
36826902,2,0,2
84221493,2,5,2
88233206,0,0,0
22476784,3,0,0
13907327,2,0,1
42112693,0,0,0
21782479,0,0,0
92662037,2,0,2
62923226,1,0,0
41922721,1,3,1
98678949,4,0,0
29112372,1,5,0
7339637,6,0,2
78681094,1,0,1
21229191,0,0,0
83326624,3,0,0
46392398,4,0,1
79232472,1,5,0
86829992,6,1,3
22981292,2,0,0
89262630,11,5,7
22919261,4,0,3
72700692,1,0,0
22942966,1,0,0
31244232,1,0,0
22714744,3,0,1
46044038,1,0,0
92221364,0,0,0
82147992,6,0,2
64972987,1,0,0
99949124,1,2,0
43326273,2,2,0
72998392,7,1,4
71781999,3,0,2
10238793,0,0,0
18318440,0,0,0
94360230,5,0,1
42732121,0,0,0
13389422,0,0,0
96633229,2,10,2
30192262,4,2,4
33922474,1,0,0
31492301,1,0,0
93923644,1,0,1
39718111,1,0,0
61203132,4,0,0
43091810,5,2,2
69326219,6,0,2
79432411,10,0,6
97319124,1,0,1
83170207,2,9,0
66933598,0,0,0
22648032,0,0,0
92296812,0,0,0
39959629,0,0,0
16202224,3,2,0
71979377,3,0,1
30126213,4,0,3
29077929,0,0,0
98248048,2,0,1
82978942,0,0,0
21872370,7,0,1
83121234,2,0,0
73622727,3,1,1
9222676,3,0,0
26171717,1,0,1
18279171,0,0,0
65632299,0,0,0
20323221,1,0,0
85229817,6,0,2
34292111,2,0,0
93294269,0,2,0
38270312,1,0,1
38301691,1,0,0
22699357,2,0,0
21892774,1,0,0
92679226,3,0,3
19198913,1,0,1
40233347,0,0,0
48003474,1,7,0
63793219,2,0,0
62394737,4,0,3
20927212,6,4,2
90278212,2,8,1
62307497,10,0,5
95023239,3,0,6
22292302,3,0,0
31181323,1,0,0
47189325,3,0,0
14232342,0,0,0
77921680,1,15,1
95297476,2,0,1
27682007,2,0,0
17462296,1,0,0
21229220,2,0,0
13634924,0,0,0
12179229,4,0,1
53721929,1,0,0
49461083,0,0,0
20120192,1,0,0
7909317,2,0,0
22124910,0,2,0
95432713,0,0,0
32297314,2,0,0
28192672,0,0,0
36923631,1,1,0
42318710,1,0,0
91366337,0,0,0
77270178,2,0,0
70697223,4,5,1
32820283,0,0,0
93786303,1,0,1
82293419,1,0,0
33390232,1,0,0
77123383,1,0,0
23921493,3,0,0
16921733,2,9,2
93233727,0,0,0
71299948,3,0,2
12230972,1,0,1
74401148,2,0,1
21138360,1,0,0
14336434,0,0,0
39939292,2,0,2
11461772,4,0,1
69898126,0,2,0
6992322,7,0,3
26306611,4,4,1
14332942,2,0,1
13979797,0,1,0
33028963,0,0,0
70202987,1,10,1
69022283,1,5,0
37202218,2,1,1
62311127,2,0,0
61898121,1,0,1
92123418,0,0,0
97224283,0,0,0
17398191,3,0,0
28929978,0,0,0
12889913,1,0,2
97303264,5,0,0
66393917,1,0,1
16386108,3,0,1
38271868,0,0,0
92936723,3,6,0
7266626,0,0,0
11299815,1,0,1
22263631,7,0,0
29819173,1,0,0
6797263,2,0,0
28127937,3,1,0
36720392,4,0,0
27211293,1,0,0
26600624,0,0,0
42291622,1,0,0
10236212,1,14,1
63395922,4,0,1
42919942,0,0,0
67800819,1,0,0
14269232,6,0,1
83362002,2,0,0
73563934,1,0,0
46730069,0,0,0
51971896,2,0,1
32229124,1,0,0
21871082,1,0,0
11712029,1,0,0
98203799,4,0,2
49172436,0,0,0
33929435,1,0,0
62001204,1,1,0
95223767,2,0,0
69630112,1,1,0
45649204,4,0,0
49243008,1,3,1
29111960,4,1,3
92292473,6,0,2
48422128,0,0,0
89149042,8,14,1
49534972,2,0,0
19293633,3,0,0
36690231,3,0,0
96232199,1,1,0
32229666,3,0,2
24489169,7,0,6
33210162,1,0,0
19283777,3,0,0
42239229,1,0,0
97922782,0,0,0
79820322,7,0,5
42622221,0,0,0
62034918,4,0,3
68729128,1,0,0
39779978,6,0,3
24891318,1,5,2
50309992,1,0,0
22242314,0,0,0
27128217,0,0,0
82845892,4,0,2
24718698,13,0,12
26791216,4,0,1
22139794,1,0,0
32843212,1,0,0
92369022,6,2,3
21124827,2,0,0
80268692,4,0,0
68246192,1,12,0
20887242,1,2,0
99282112,0,3,0
62821698,1,0,0
44740992,1,1,0
21903941,1,0,0
87319124,0,0,0
29999160,6,0,3
74212683,4,0,0
49286808,6,0,3
79822914,3,0,1
32283371,2,0,1
9918218,6,2,3
69817260,3,2,1
23912991,0,0,0
41917884,1,0,0
3022911,0,0,0
4966373,0,0,0
62291974,1,0,1
1423299,1,0,0
71292796,3,0,0
22132943,2,0,3
31409431,1,0,0
24498939,2,0,0
12221767,1,0,0
78192192,4,0,0
24229024,0,0,0
94214928,0,0,0
24523819,4,0,2
11298699,5,0,1
11993291,0,0,0
22849336,1,6,0
12377227,1,0,0
21772983,4,6,1
30082267,1,0,1
23233728,0,0,0
22917813,3,7,3
30614933,4,2,1
21222992,1,0,1
24947982,3,0,2
37239111,0,0,0
52973603,0,0,0
74861229,2,6,0
56826949,2,0,0
21407996,4,1,0
49263139,5,0,0
74102772,1,0,0
59122844,5,0,4
98396246,0,0,0
91322627,0,1,0
74120946,0,0,0
46470103,0,0,0
12729982,3,0,0
39169287,13,0,22
14494122,6,0,2
21122234,1,0,0
13123229,3,0,0
43144629,1,0,0
48176334,5,0,0
92749237,1,0,4
71307317,1,3,0
39881230,3,0,0
68992161,2,1,1
30288633,3,0,0
74994112,1,6,1
27182642,2,0,2
16208219,1,0,0
3296718,1,2,0
30122711,0,0,0
22721362,1,0,0
93403664,3,3,0
73812529,1,0,1
72826629,2,0,0
18116249,3,0,0
33382928,5,0,2
23239923,1,0,3
83020493,3,0,4
9328894,4,0,1
24224224,2,0,0
28292721,1,0,0
42222712,2,0,0
83249724,2,0,1
39456314,5,0,2
96212224,0,0,0
83139701,4,0,4
89380491,2,0,1
34164189,3,0,0
33920221,1,0,0
41161710,0,1,0
60311931,2,0,0
72208467,6,0,2
78663010,7,0,0
93914372,3,12,1
12923791,0,0,0
46342229,0,1,0
28881741,1,0,0
80782061,1,0,0
18927630,1,3,1
87223229,5,5,1
30833623,1,0,0
31163134,3,0,1
32319269,3,1,0
76120699,0,0,0
12337429,3,0,1
93946133,1,0,0
79968898,2,8,0
22421032,0,0,0
17132997,0,3,0
39234306,1,1,0
34774439,0,4,0
62277941,2,2,1
21271792,7,0,1
98992191,14,0,10
12139707,0,0,0
12321942,1,0,1
12393016,6,0,3
46411633,0,0,0
28033191,0,0,0
83949732,2,11,1
72734212,0,0,0
89127118,7,7,1
13192062,6,3,1
93441221,1,0,0
27993992,2,0,0
22312012,4,0,2
13939289,0,0,0
31270326,2,0,0
11294236,7,0,4
59399392,1,0,0
97116541,1,0,0
22307338,3,0,0
63219344,1,0,0
83479324,1,0,0
13331626,1,3,0
72416202,3,0,1
42911238,1,0,0
21833224,0,0,0
24842892,1,2,0
15223692,4,0,1
86224192,1,0,1
22301126,1,1,0
19483973,3,2,9
86213132,2,0,0
1926134,1,0,0
90868274,2,0,0
93174626,2,3,1
2921723,1,0,0
78262266,3,7,2
22324214,0,0,0
99773391,2,0,1
81220362,3,1,3
17869294,1,1,0
89982317,0,3,0
39126127,2,0,0
32221809,0,0,0
16782487,1,0,0
74934933,0,0,0
10813922,1,0,2
37193918,3,0,1
23969999,1,1,0
11132144,0,0,0
41921132,0,0,0
22803433,0,0,0
49284043,6,1,1
97158397,3,0,2
33210481,0,0,0
62200119,0,0,0
3839927,0,6,0
91126926,3,0,2
17186292,0,0,0
96092086,1,2,1
27347913,1,0,1
79799027,0,0,0
23373322,8,0,6
92229391,3,1,2
73544498,0,0,0
88224931,1,0,0
67274632,0,0,0
93498018,1,3,1
64806229,0,0,0
14462828,1,0,1
39939233,4,0,4
5039123,6,0,0
91463292,2,2,0
99199514,3,0,2
37314969,2,0,0
12221634,0,1,0
92323913,8,0,0
62919722,2,0,0
12296141,2,0,1
11204229,8,0,5
28242499,0,0,0
83249324,2,0,0
41569129,3,0,0
87319802,3,4,2
1321270,2,4,0
91924121,2,0,0
19497852,7,0,2
43808338,5,6,0
12342619,0,3,0
33202806,2,0,0
11080310,0,0,0
29136737,2,0,0
12962787,4,2,0
81027394,3,1,1
72943366,1,0,0
4626696,1,1,0
39767922,8,0,1
1329126,2,7,2
74623022,0,0,0
98243392,2,8,1
72099621,6,5,2
22393031,2,0,2
87211142,3,0,1
29337992,8,0,3
29221194,8,2,3
91279867,2,9,1
87039327,9,0,3
99780824,4,0,1
19222071,1,0,0
87976321,1,0,0
63492332,0,0,0
9392239,12,0,6
91967339,1,9,1
70961674,0,0,0
88396622,3,0,2
11996722,4,0,1
22621923,6,0,1
6921364,2,1,0
20381292,3,0,2
32126334,6,0,4
42712213,4,0,1
60699812,0,0,1
94112683,3,0,2
21327928,1,0,1
81920633,0,0,0
43219132,0,0,0
82911298,5,1,5
92918316,0,0,0
67146779,2,0,1
27169273,1,1,1
43938369,5,0,0
93329223,2,0,1
29826972,8,0,4
43939238,1,0,0
78067968,0,0,0
11122377,0,0,0
83847178,2,0,1
22089532,2,0,2
97230260,0,0,0
73236920,2,5,0
83884116,3,0,1
44912157,2,0,0
99841362,0,0,0
37904193,0,0,0
88779463,1,0,0
40226229,6,0,1
91780834,1,0,0
32931961,5,0,8
81329046,3,1,0
21437329,3,0,0
18733992,4,1,4
42993230,3,0,0
30613439,3,0,1
83038114,2,0,3
23442272,1,0,0
19332092,0,0,0
18948272,1,0,0
66186123,16,0,8
84337964,3,0,4
92124591,0,0,0
93823782,3,6,1
28946322,14,5,9
94952438,4,0,2
92747983,2,0,0
40166643,4,0,1
27371923,4,0,2
2742718,4,3,1
20273918,7,0,2
22199414,4,0,0
66809427,4,2,1
62683192,3,1,0
91892113,0,0,0
39618937,4,1,0
28192714,1,0,1
2992189,2,0,2
92138177,2,0,0
47817288,3,0,1
19369232,3,1,2
7891960,2,0,0
60693060,0,0,0
92242772,0,0,0
62796817,1,3,1
51713992,2,0,0
96987012,1,0,0
23272973,5,4,1
19026840,0,0,0
49121362,3,0,2
97341236,7,0,1
93752994,0,0,0
33310188,3,0,1
82291299,1,0,1
29424739,3,0,0
20082104,2,0,1
4792801,0,1,0
19470481,2,0,0
48278183,7,0,2
33114233,1,0,1
39295928,2,0,0
81732769,2,0,0
21814171,0,0,0
29441222,1,0,0
22712527,0,0,0
21848811,0,0,0
21999137,0,0,0
32993013,7,0,4
43996747,2,0,0
13223841,3,0,1
22482799,1,0,0
23212682,1,0,0
12799328,3,4,1
19681079,0,0,0
32080102,2,8,0
82304379,1,0,1
5138122,0,0,0
6881243,2,3,3
87142398,0,0,0
69329362,0,2,0
44108840,0,3,0
20329158,0,0,0
11212338,3,0,1
13463207,3,6,0
91778193,3,8,3
71364834,2,4,2
90127993,0,0,0
14392696,1,0,0
8328382,0,4,0
38771238,1,0,1
77141219,3,0,0
91222791,0,0,0
17400134,0,0,0
59131126,1,0,0
11172967,11,0,6
98294402,1,0,0
91117746,2,4,0
7893141,1,0,9
89730419,3,0,0
92993294,1,0,1
39214922,5,1,0
47394636,0,0,0
46323036,1,0,0
2623391,5,0,3
10279269,0,0,0
23435947,0,0,0
71719223,2,0,1
29297274,1,4,0
91179299,4,2,1
31193623,0,0,0
24182389,0,0,0
24931684,0,0,0
32980213,3,7,1
94631732,1,0,0
90431212,1,0,0
92359327,1,0,0
21646091,2,0,1
60212326,2,0,2
16223736,2,0,0
12323442,1,0,1
32032844,1,0,0
23173962,0,0,0
24627113,4,0,0
92123892,6,0,0
18859962,5,0,2
19622681,0,0,0
78953699,0,0,0
19799281,0,0,0
59996411,1,0,0
99123371,0,0,0
29306140,1,0,1
73889996,3,0,1
26318492,1,0,0
21488979,3,0,0
39129312,1,0,0
30231231,1,8,1
20128463,1,0,0
19121229,2,0,0
31346271,4,0,2
22842023,5,0,2
60382618,2,1,0
23136348,4,0,1
28723469,1,3,0
60222726,0,0,0
73284683,0,0,0
27387424,4,6,4
28294829,2,0,0
32419192,0,0,0
96123269,1,0,0
39629126,2,0,0
42999792,3,15,1
74921921,1,0,2
39799304,3,1,0
49029221,1,0,0
66713229,0,0,0
47929676,0,4,0
39910683,1,0,0
37661720,6,0,2
73292200,0,0,0
36492412,2,0,1
32989823,1,0,0
93232668,4,0,0
44136829,0,0,0
16232131,1,0,0
39799267,4,0,1
16219953,6,0,1
46326179,0,0,0
99221421,3,0,0
32392021,7,0,2
46892944,0,0,0
13629095,1,0,1
84189602,2,0,0
81313733,2,3,2
26323124,0,0,0
62391191,3,7,1
41972837,2,0,0
34163883,2,0,0
98209234,9,0,3
26708962,1,7,0
95992138,3,0,0
29289962,3,4,2
20979828,0,0,0
10619223,1,0,0
30243319,0,0,0
20722192,8,0,1
31901119,5,0,2
61222129,3,0,0
72716992,2,1,2
84020486,3,1,0
28166193,3,0,1
29297991,2,1,1
29258832,4,0,2
20092871,0,0,0
34948626,1,4,0
43227721,2,0,1
41962356,3,0,1
49131023,1,0,1
26613991,1,5,1
71483783,1,0,0
19433213,1,0,0
62137862,1,3,1
42399162,6,0,4
92241317,1,0,1
8929741,2,0,1
76822319,3,0,3
2172883,6,1,3
94276280,1,1,1
28965983,0,0,0
14929934,1,6,0
47912737,4,0,2
92228129,0,0,0
72281942,6,0,0
79622332,7,0,3
37289294,2,0,0
26648087,2,0,1
99812122,2,0,1
94947762,2,0,0
43426122,1,0,0
22119827,7,0,1
48811033,1,4,0
93799522,3,0,1
21912912,0,0,0
92341301,1,0,0
63362832,1,0,0
19196574,1,0,1
21128371,1,0,0
28492816,3,0,2
22910921,1,0,0
93191491,1,0,0
42229217,3,0,2
72672071,2,0,1
92762447,3,0,1
30121024,0,0,0
42022631,2,0,0
82090232,1,0,0
71493539,2,0,0
99972299,1,0,0
96699760,3,0,0
80671374,0,0,0
19031329,7,1,6
26191119,2,0,2
29981133,2,0,1
23231227,1,0,1
31809029,1,0,1
24888692,0,2,0
94299722,4,2,1
82191462,2,0,0
98268362,4,0,2
26295389,1,0,1
82423196,4,2,0
29948361,1,0,0
92612208,4,0,3
28213989,4,0,2
67219319,0,0,0
23218761,0,0,0
22301496,2,0,0
88416120,3,6,1
28199256,2,0,2
74836728,2,0,1
49351309,0,0,0
69626760,0,0,0
16977986,1,0,0
99212879,1,3,0
36402831,1,0,0
69199221,2,0,0
98936092,0,0,0
72991916,0,0,0
94312482,0,0,0
21993210,0,2,0
32199329,0,0,0
23642293,5,0,3
96992011,2,0,1
69879913,9,0,11
31834064,3,0,2
14422942,3,0,2
12272898,0,0,0
22391179,0,0,0
81333781,3,0,1
22684768,2,0,0
24624224,1,0,0
32224959,0,0,0
12977889,3,0,2
92287332,0,0,0
48239274,6,0,0
22423830,1,0,0
11497937,1,0,1
82092217,3,0,0
99226354,2,0,1
28212389,2,0,0
40223281,1,0,0
82127397,1,1,0
22341193,1,0,0
12199193,3,4,2
99715667,2,0,0
11380232,2,0,0
1924078,4,0,2
22417626,0,0,0
16869963,1,0,0
28217963,1,0,0
39133393,3,0,1
44149597,2,0,2
32692402,5,0,3
71281139,4,15,0
17822117,0,0,0
97023124,2,2,1
94249273,0,0,0
76347397,11,0,3
92111031,3,0,0
99279221,3,0,2
62183788,0,1,0
32061319,3,0,1
87231627,1,0,1
60279744,2,2,0
52127920,6,0,5
32027923,2,8,0
22393093,0,0,2
46749278,1,0,0
12599612,4,0,2
94292992,0,0,0
46916777,2,0,6
73923847,1,1,0
26712049,0,0,0
23922029,2,0,0
32373796,5,0,4
22371923,2,0,0
97947983,0,7,0
92174385,1,0,1
32993493,5,11,3
39494070,0,1,0
23234216,1,7,0
79328442,2,0,1
19249831,6,0,0
33984109,0,0,0
22262991,2,0,1
63999617,7,1,5
13722909,0,0,0
61329121,1,1,0
42012943,0,0,0
17923227,1,0,0
8526749,4,0,1
31173294,1,0,0
91249132,0,0,0
27974829,1,2,0
23013263,4,7,0
94127193,2,0,1
17144772,2,0,1
12911833,0,0,0
9169941,1,0,0
82496277,0,9,0
99242043,1,2,0
42169370,0,0,0
11476774,6,0,3
16338499,1,0,0
23323917,9,2,6
27119612,5,0,1
33292732,3,0,2
73596492,0,0,0
27031481,0,0,0
49749797,2,0,0
29999757,1,0,0
79982491,4,0,2
23334176,6,0,2
23582292,9,0,3
23072613,7,3,4
82803668,2,0,0
28149947,1,0,1
87390366,3,2,0
11222063,2,0,0
9827702,3,0,1
13259722,8,0,4
98127026,3,4,0
25392999,1,0,0
12988439,0,5,0
92433768,1,15,2
92913129,2,0,1
79682322,4,0,2
63392121,2,0,0
32028281,3,3,0
31999800,2,0,0
41420294,3,1,3
74949773,1,5,0
31947375,0,0,1
37467031,1,0,1
42219738,4,0,1
28623230,0,0,0
13822162,0,0,0
7647191,0,3,0
36831811,9,0,6
24357498,2,0,2
3495937,0,0,0
62314234,1,5,0
49665799,1,0,1
92272098,3,4,3
11192237,2,0,0
17167133,0,0,0
93261083,2,0,1
53917447,1,0,1
98737223,1,0,0
82216111,2,0,0
22284379,2,0,1
47119903,5,0,3
21906689,0,0,0
62323278,3,5,0
42343262,4,0,0
61924231,1,0,0
29824003,5,0,1
97192819,1,0,0
1034979,4,0,2
24219922,3,0,3
29221022,3,10,1
43921819,0,0,0
21114402,0,0,0
21922870,6,0,5
79131872,0,0,0
79324679,2,2,1
39221728,2,0,3
24801022,2,0,0
82929433,5,0,0
39333927,3,19,0
46326193,1,0,0
22399296,1,6,2
24489210,4,5,2
67529329,17,0,4
22819279,1,7,1
6339222,1,0,0
61934927,0,0,0
43106909,0,0,0
47602921,0,5,0
89876892,5,4,2
95798692,1,0,0
35639988,2,0,0
12321183,1,0,0
66624924,3,0,0
79232596,2,0,0
22297796,2,0,0
77769892,1,34,0
16910281,0,0,0
36391206,2,0,2
70110113,3,0,0
12972791,1,0,0
12210894,2,0,1
92529872,0,0,0
29812123,1,0,0
13922312,3,0,1
29987619,5,0,4
72322209,2,0,0
16932311,1,0,1
83791048,7,0,2
99563792,4,0,1
42214108,0,0,0
21632224,0,0,0
88591978,2,0,0
33741203,0,0,0
1894992,1,13,1
49113228,4,0,2
49972367,1,0,0
21233991,1,0,0
2239320,10,0,3
2382674,1,2,0
63971239,3,0,1
26462823,0,0,0
27292844,1,0,0
72030129,1,5,1
25799772,0,0,0
23936323,2,0,1
63740148,0,0,0
23921422,7,4,0
64921797,1,0,1
28228232,1,4,0
7692719,2,0,3
1013912,6,0,0
89769332,0,1,0
35679232,2,0,0
84844791,0,2,0
21624794,3,3,1
71721968,1,0,0
35894744,1,0,1
32462267,3,0,1
87347799,4,0,3
26804887,2,3,1
23107937,1,0,0
32128239,5,0,0
78253982,2,0,0
19312961,2,0,2
38240243,2,0,2
92423133,0,0,0
52932769,0,0,0
49741632,3,1,1
38290649,2,0,0
94161612,10,0,3
99281012,5,0,2
93326039,1,0,0
71273843,3,0,0
91139172,1,5,0
95912683,1,0,0
11096221,3,0,1
13662287,1,0,1
22797723,2,0,1
39327913,2,0,2
23942823,1,0,1
4820628,7,14,1
26925013,2,0,0
22106493,1,0,0
71973431,0,0,0
29932812,1,0,0
53939382,5,0,1
94742962,1,0,0
41269103,3,4,1
76629891,4,3,0
24272289,3,3,3
82193912,0,1,0
38436783,2,0,1
73272280,1,0,0
36838160,1,0,0
42233413,2,0,1
21962321,2,4,1
71024173,2,1,1
90371128,3,0,1
42999425,0,0,0
73293839,1,0,0
82866212,1,0,2
66371841,0,1,0
77422287,1,6,0
32860112,2,9,1
69929791,3,0,2
75296197,7,0,2
21324429,0,0,0
47930790,2,0,1
83493821,3,0,1
99693166,1,0,1
17222912,1,2,1
97391293,1,0,0
24291925,0,0,0
31632391,1,0,0
61782297,6,0,1
39054422,3,0,0
63770999,3,0,1
92738929,1,0,2
87243738,0,0,0
41349689,1,0,0
71424461,2,0,3
29126170,1,0,1
41211322,0,0,0
92932249,1,0,1
34420304,6,0,4
94372579,5,0,4
13920338,5,0,2
73812612,0,0,0
12642930,4,0,1
41262319,6,0,0
41029919,0,1,0
23363721,3,5,0
23893522,2,0,0
89135961,1,5,1
82232140,3,0,0
23222611,1,0,0
2963126,1,1,1
31722873,1,0,0
64292966,4,0,1
94827936,2,0,12
30882495,6,0,1
69611922,1,0,0
89191153,2,0,1
6029803,2,0,2
22622924,4,0,1
43275972,4,0,0
19154943,1,0,0
22499619,4,0,1
42732212,3,5,0
91421439,1,0,2
33216298,1,0,0
93184767,6,1,2
99419111,3,0,1
28244214,7,0,2
46296342,4,0,0
22988296,1,0,0
63862722,5,0,4
87727409,2,0,1
91371272,0,0,0
19276242,8,0,1
72626917,2,0,1
43233812,3,0,3
73999269,6,0,1
23232186,1,0,1
74962126,0,5,0
12192841,0,0,0
34928111,0,0,0
61729036,7,5,2
22261992,2,0,0
82616039,0,12,0
62297514,9,0,2
27112219,1,0,1
96979320,1,0,0
15233639,2,0,1
39263172,1,0,0
67229499,0,0,0
81920304,0,0,0
28698044,7,0,1
69292808,5,0,5
97203943,0,0,0
82300224,1,7,0
22436302,0,0,0
12179623,2,0,0
37836363,0,0,0
47791237,9,9,7
22429199,1,0,0
23429149,0,0,0
32980192,1,2,0
2418492,4,0,3
42894278,2,0,1
65361918,0,0,0
23494292,1,2,0
99922273,1,2,0
33427612,1,2,1
76819096,4,0,4
99848606,1,4,2
62631893,4,0,1
12360624,0,3,0
33282984,0,0,0
82666720,0,0,0
72722336,1,0,0
26602406,1,1,0
45139049,6,0,5
15792983,2,0,1
89882292,1,0,0
28092332,4,2,1
89269741,0,7,0
32330861,2,7,1
96397228,1,0,0
99037382,3,0,0
21667299,6,13,4
24142212,3,0,2
32146643,1,0,0
81269091,3,0,0
33241712,0,0,0
16243226,0,0,0
39932201,0,0,0
93927581,7,0,0
25998721,1,0,0
60282712,1,4,0
18383820,4,0,2
28095017,1,0,0
80624160,4,0,1
31288331,1,0,0
37138107,1,0,0
19393172,2,0,0
64746299,2,0,3
32012189,4,0,1
61229169,1,0,1
2304833,1,2,0
32372910,6,0,5
72772917,1,0,0
8437622,1,0,4
34432232,2,0,1
97821621,0,0,0
37424283,0,0,0
91173761,1,4,0
97291292,4,0,0
11327424,0,0,0
31832891,4,0,3
22287296,0,0,0
63723199,6,0,2
72619127,1,2,0
81131792,0,0,0
95042391,2,0,0
43199252,1,0,0
32260496,3,4,2
63270289,0,0,0
36429360,3,0,2
77302993,3,0,1
91233922,0,5,0
74737926,0,0,0
62617292,6,7,2
42227283,4,0,0
22293694,0,1,0
31438171,0,0,0
11292928,5,0,4
32229313,6,0,4
31741429,2,0,2
78139183,0,0,0
34289714,0,0,0
39163010,2,3,1
62942271,6,2,4
98292214,1,0,0
31211294,1,0,1
91893062,3,0,0
74281792,3,0,2
9997313,1,0,0
84433138,0,0,0
49441711,8,0,5
28169269,4,5,4
23639368,3,4,1
60591923,1,0,1
22672837,4,0,3
73236329,2,3,3
69692761,1,0,0
59143013,1,0,0
94682272,1,0,0
36329127,11,0,18
16231377,3,0,0
80398204,4,0,4
44149291,10,3,8
47193238,1,7,0
10283171,1,0,0
31109244,2,0,0
98113181,1,2,0
23882423,2,0,0
77046298,4,4,0
96993743,0,0,0
99244941,3,0,0
86872321,2,0,1
80782469,5,9,7
52286119,1,0,1
12698122,2,0,0
23031418,0,0,0
12713792,1,0,1
23237969,5,0,10
32466394,0,0,0
86621192,3,6,1
94548723,3,0,3
6297933,6,12,1
74633324,3,0,0
32072436,0,0,0
83222491,12,0,2
49392433,3,1,0
31092382,1,0,1
82137829,2,3,1
13773219,2,0,7
69330226,2,0,0
3236029,0,0,0
99995294,3,0,3
91615349,4,0,0
27828192,0,0,0
73904384,0,4,0
19329717,1,0,0
20300616,0,2,0
21920942,0,0,0
22119891,6,0,4
19121619,1,6,0
2911292,4,0,3
16986230,1,8,0
96112881,3,0,2
21992560,3,0,1
42778264,13,0,2
27428797,1,0,0
44622311,0,0,0
21296222,3,0,0
92330926,0,0,0
11068133,2,1,1
48228012,0,0,0
24922807,7,0,3
40833332,1,0,0
91182961,5,0,4
40792919,9,2,2
73224218,2,0,0
39364833,6,0,4
60229432,1,0,0
28939722,4,0,2
32111113,2,0,0
19184339,3,8,0
79469032,2,0,0
14179142,0,0,0
98396400,0,0,0
42932202,7,0,1
52148899,1,0,0
31333349,1,0,0
47437842,8,0,1
73311129,1,0,0
21527923,7,0,0
3189724,4,0,2
38622626,6,0,3
99128160,1,0,0
82812806,3,1,0
22482218,0,0,0
26928236,5,12,2
1821126,2,4,1
64440413,2,0,7
6191394,3,0,2
17723188,3,0,0
21303906,0,0,0
38349313,2,0,0
31337321,0,0,0
70213971,2,1,2
12181299,2,0,0
88721801,1,1,0
47928381,5,0,2
79212321,2,0,1
29808291,1,0,1
23942262,6,0,2
15126216,0,0,0
87842910,4,0,4
31147728,5,0,0
81443426,9,0,8
78838247,0,1,0
13794632,0,0,0
13173921,0,3,0
14461833,1,0,0
12488432,1,0,2
49972727,1,0,1
28948393,7,0,3
63630263,1,2,0
10299922,1,5,1
9829717,4,1,1
41342312,0,0,0
31672949,3,0,1
44721623,1,0,0
23117964,1,0,0
27396229,2,0,0
92297907,1,14,0
2223932,0,0,0
94692224,3,8,1
38418323,1,0,0
26299641,7,0,1
98791619,0,0,0
11191227,1,1,1
21934492,4,0,4
7199919,0,3,0
37299864,0,0,0
7199729,1,0,0
32823843,1,0,0
73429218,0,0,0
24420089,1,0,0
21300180,2,4,2
80448092,1,6,1
2954320,2,0,0
32733111,4,0,4
73702441,1,6,0
88279982,0,0,0
24170793,3,0,1
27334231,3,0,3
28927116,14,0,5
18688960,0,1,0
82368316,6,0,2
92098338,0,0,0
38112191,1,0,0
24977282,0,0,0
13922793,1,0,0
12433426,0,0,0
62862013,1,0,0
31624283,1,0,0
92998238,4,0,0
84396591,1,0,0
23042008,2,0,3
44764643,4,0,3
13903217,3,0,3
84364226,1,0,0
91982673,3,4,2
17213967,0,0,0
27199811,3,0,1
30188136,7,0,2
23384869,3,0,0
21422286,6,0,2
662122,5,0,0
19171370,3,2,1
13395472,2,0,0
29662280,4,2,1
76729222,0,0,0
91109649,3,2,1
59919894,1,0,0
82162322,1,0,0
62561339,2,0,1
91842422,2,0,2
86801796,1,0,0
62762242,1,0,0
43281697,0,0,0
21929999,2,3,0
31099992,2,0,2
14928114,0,7,0
27369322,6,0,2
22122588,3,0,0
24194221,2,0,1
30493166,2,0,0
21471621,0,0,0
81289222,1,3,0
21443984,0,4,0
80997319,2,0,0
89412673,0,0,0
21422993,4,3,1
24687640,3,2,0
93976344,8,2,4
43493112,1,0,0
20119124,2,0,1
86761901,2,1,0
60246906,0,0,0
34369299,11,0,1
66312174,0,0,0
24266821,0,0,0
57896893,1,0,0
71279919,7,0,4
2487187,5,5,0
2469253,1,0,1
3292236,1,0,0
23270299,2,1,0
29613183,4,0,2
32216222,1,0,0
32221919,1,0,1
39213245,1,0,0
93266694,2,0,0
20366216,1,0,0
26092039,2,0,0
54296822,6,0,4
84324122,5,8,1
19181626,9,16,7
31789212,2,0,0
14291914,1,3,1
60432137,5,3,1
38224213,8,0,1
33644223,1,0,0
63094390,1,0,0
49163124,1,0,0
99296127,2,0,0
54942746,1,0,0
82895236,0,0,0
70497322,3,1,0
27912372,1,0,1
3971079,0,0,0
94916373,8,0,6
21746894,5,0,1
37722493,5,3,2
67794018,2,4,0
81622439,0,0,0
9477172,3,6,2
12999173,3,0,3
99212378,5,0,1
82820838,7,1,5
49720298,4,1,4
13383912,0,1,1
37382241,1,0,0
24992999,2,0,1
81704381,0,1,0
62232811,1,0,0
27591992,1,0,0
18799097,0,0,0
42033492,2,0,0
27223026,1,0,3
16984974,2,0,1
29229196,4,2,3
19910318,5,0,3
12297119,2,0,1
7329961,4,1,1
33292951,2,0,0
69292730,2,0,0
31466797,4,5,2
18114238,1,5,0
36391992,0,0,0
1832672,6,0,3
73139789,1,0,1
33142221,2,0,0
28994592,4,0,2
97511283,2,0,1
71966292,2,0,1
91943871,3,0,4
99362879,3,3,0
17864429,0,0,0
22383843,3,0,1
41401726,1,0,2
2673202,0,0,0
33339212,4,0,0
36216693,2,0,0
2137271,3,0,0
26891299,4,1,2
73602291,6,3,1
46493081,1,0,0
3310362,2,0,2
41831932,1,0,1
11142232,3,0,2
22110801,3,0,1
89518293,0,0,0
9977752,0,0,0
70140981,3,0,1
69269662,2,0,0
2117899,0,0,0
41098379,6,0,5
72766314,1,4,0
33614249,0,0,0
96299992,1,0,0
1919297,1,0,0
74317232,0,0,0
98011940,3,0,0
13933928,2,0,2
31939133,5,0,1
83179620,0,0,0
66352446,2,0,1
78892069,3,0,1
47293397,1,0,0
62430699,1,0,0
22111399,0,0,0
22733930,4,0,1
39813240,3,0,2
9931098,2,0,3
70727907,1,1,0
92778290,0,1,0
43860130,3,0,1
29392077,6,0,3
99620899,3,0,2
81122232,3,4,1
13113427,0,0,0
13239422,3,7,1
98728142,2,3,0
33902288,6,0,1
79512931,1,0,1
16162677,1,0,0
19817784,3,0,1
24733682,2,0,0
73143422,1,0,0
14782814,1,0,0
96996385,3,0,1
62232713,3,0,1
49992599,2,0,2
22734391,6,0,3
39846736,0,0,0
81690237,5,5,0
23922122,3,1,2
23924072,2,2,0
26903919,3,0,0
22912923,0,0,0
34249631,0,2,0
38443117,1,5,2
22874123,0,0,0
32302677,4,0,11
62998991,3,0,1
33711149,1,3,1
29112437,3,4,0
92722392,0,1,0
17188019,4,0,7
94921096,2,0,2
97328390,1,0,1
23828696,0,4,0
44312196,7,0,2
4163827,3,0,1
92864112,0,0,0
69760962,3,7,7
16231279,0,0,0
92332226,2,0,0
8681863,3,4,2
82437019,2,0,2
12630008,2,0,0
33447913,4,0,3
33136271,2,0,1
63170208,1,2,0
27138011,0,0,0
83729493,0,2,0
26219759,1,0,1
23123242,0,0,0
96212016,8,0,4
82138131,0,0,0
64414218,6,0,4
1249922,2,20,0
86032822,4,0,2
13464763,0,0,0
91998975,2,0,0
98239231,0,0,0
87252966,2,0,1
21232398,3,0,2
91246063,0,0,0
29888211,0,6,0
62737701,2,0,1
12939339,10,0,6
12339174,4,0,4
41918911,8,0,1
31468122,2,0,0
16769742,1,0,1
41297393,3,0,0
10481866,6,10,1
26217219,2,0,1
74297946,2,0,0
93358421,4,0,0
29327989,1,0,1
21298290,3,13,3
22622988,1,2,0
22981222,0,4,0
18192827,8,0,6
40232921,2,0,0
19892292,0,1,0
99134013,3,0,0
52424961,4,0,1
1324809,2,0,2
18311272,1,3,1
12391621,2,4,2
31311322,1,0,0
94479697,2,0,0
92222572,1,0,1
9922479,1,0,1
62133712,0,0,0
79076633,1,0,1
71323483,7,0,0
16423227,0,0,0
3482623,3,13,0
42099383,1,0,0
32492031,2,3,0
36131313,0,0,0
91642126,1,0,0
23998576,8,0,16
19632738,0,1,0
20840969,5,0,1
36129395,1,2,0
46712302,3,0,0
989224,0,0,0
32919293,7,0,5
33323011,0,0,0
97718362,0,0,0
90132323,3,3,1
62322612,3,0,0
23281292,1,0,1
38217691,0,0,0
93511904,6,1,4
23236721,3,1,0
99444311,1,0,4
82030203,5,0,0
81721893,4,4,3
88748412,9,0,7
92886943,2,1,0
31892297,4,0,3
6310318,4,6,1
11741971,2,0,0
393628,4,1,4
22724425,2,0,0
47219292,0,0,0
26183339,1,0,0
19294224,0,0,0
12712167,1,0,0
49676925,2,0,0
32368333,1,0,0
19244134,2,0,1
76269772,0,0,0
98263116,2,0,1
78959224,4,0,2
24582332,3,0,0
18327920,2,0,1
42246036,0,0,0
91929771,0,0,0
82122781,0,2,0
7992225,0,0,1
34904764,3,0,5
26651991,3,0,3
87593822,2,0,1
38990625,6,0,2
19179532,2,0,2
91111990,1,0,0
26293842,0,0,0
33023321,2,3,2
33191267,0,0,0
29163862,5,0,2
59322429,3,0,2
71933068,4,1,0
27294191,0,0,0
89716281,4,0,3
41426349,1,0,0
88281272,0,1,0
26326062,1,0,0
82293922,1,1,1
43812229,3,0,1
74224842,1,0,0
33334912,4,1,1
93206211,4,0,2
63918964,1,0,0
77912711,4,4,2
93694288,0,0,0
14698721,2,0,0
92291224,2,0,0
91494127,0,0,0
61983184,1,0,0
69994671,6,6,3
3892161,7,0,2
62694932,0,0,0
46430411,1,3,1
79823158,2,0,2
72237684,1,0,0
37639278,5,1,4
88634123,3,0,3
31241946,0,1,0
19224476,1,0,1
36243721,5,0,0
96127249,7,2,3
24279223,2,0,1
91326906,2,0,0
39275226,0,0,0
16384332,3,0,0
11965210,1,0,1
6323362,2,0,0
7826974,4,1,0
10839712,9,0,3
67249729,3,0,1
89312216,3,0,0
22274124,6,0,1
13621496,0,0,0
17634295,1,0,1
44092631,2,0,0
24172866,2,0,0
42092201,2,0,0
6411892,2,2,1
20382111,2,0,2
49193523,1,0,0
99870697,0,8,0
76116993,2,3,2
90391111,4,0,0
29999149,4,0,1
23161199,1,0,0
33473123,2,0,2
91861737,1,2,1
83932890,2,0,0
16748229,4,0,3
91113499,4,4,0
44225891,0,0,0
42211984,2,0,0
10491319,3,0,0
93752483,1,0,0
68093675,0,0,0
82943782,12,0,3
24114298,1,0,0
79498859,2,0,0
83081288,2,2,1
90781274,2,0,3
91679271,3,0,3
87063833,2,0,0
36930286,1,0,0
22642713,1,0,0
40489311,1,2,0
93231311,0,0,0
4647663,1,0,1
22736979,1,0,2
10862996,3,2,1
23122113,2,0,0
98129768,1,0,0
21532699,0,0,0
11113927,2,0,0
99741214,2,0,0
43122939,1,0,0
36161992,2,0,1
12329128,3,0,0
62921191,4,0,1
82088131,2,1,0
29643441,2,0,1
97293381,1,0,0
83212038,1,0,0
96891112,0,1,1
92199231,5,7,7
38042602,1,0,0
40396881,4,0,0
24122322,0,0,0
16921773,1,0,1
32371241,2,0,0
23023216,2,2,0
47434632,5,0,0
66723925,2,0,0
77421119,2,0,1
94221313,1,0,1
12062819,3,1,0
46334211,0,0,0
27629329,4,0,3
92123723,6,0,1
20162826,3,0,1
78139771,0,0,0
27927618,1,0,0
74212771,0,0,0
16982198,3,0,2
18918390,0,1,0
99397129,3,0,0
46122619,0,0,0
76874421,1,0,0
79229124,5,0,1
23212859,3,0,2
37324782,9,0,0
37296298,2,0,1
16169272,1,0,0
18139479,1,0,1
28806731,1,0,1
69392021,0,0,0
83222261,0,0,0
93329194,2,0,0
9732136,4,0,1
31234496,5,1,2
43624422,6,0,1
77926622,2,4,0
62833627,2,0,0
21272276,1,0,0
42292720,4,0,3
91032223,5,0,1
13623131,0,0,0
69542322,3,0,1
27997124,2,0,1
21373921,1,0,0
29009478,0,0,0
79942283,1,12,1
36448124,1,0,0
18890229,1,0,2
11080900,7,2,8
21264621,2,0,0
32315999,0,0,0
96627012,1,0,0
84292617,2,0,0
29168921,2,0,1
1639181,1,0,0
48993438,1,0,0
41690327,0,3,0
93794214,4,0,0
89702282,1,6,1
18600927,3,0,1
11437942,2,1,0
95146142,0,0,0
43122328,1,2,0
99227336,7,4,3
80349245,3,0,0
14892035,4,0,2
4129902,6,4,1
49131298,3,0,1
36760922,2,2,1
27227298,0,0,0
22479298,5,6,0
14192248,2,0,0
92291192,3,0,1
23679671,4,1,0
3262727,4,1,2
32139549,1,0,0
72923422,7,0,3
93242363,4,0,1
12124972,0,0,0
78227293,1,2,0
75718919,7,0,3
19673227,3,0,2
92181638,0,0,0
12322222,1,0,0
11273826,3,0,0
33963817,1,8,1
62109739,2,0,2
11292796,3,0,2
92373072,2,3,0
47932922,5,2,1
36411371,1,0,1
63197881,2,0,1
93815982,0,0,0
29912413,1,12,1
66191487,2,0,0
42921287,0,0,0
38295173,3,0,0
91795218,3,0,2
11093142,2,2,0
92260422,0,0,0
67746322,7,0,0
93096497,1,0,0
26999619,7,0,3
17711292,1,0,3
61348281,2,0,1
73399147,3,1,1
79973732,3,5,1
83990222,3,0,1
81339935,2,0,2
76010062,2,0,0
12622221,4,0,2
67119202,0,0,0
29672992,4,0,4
93699301,0,0,0
8292287,4,0,0
22133212,4,10,3
32630487,5,5,0
22217249,7,0,1
93122691,2,0,0
59282240,2,0,0
93486012,1,0,0
32919073,3,0,0
98412322,2,0,0
80166002,0,2,0
63242066,3,2,1
4277212,1,4,0
11592349,4,0,3
11620148,7,12,1
62233221,0,0,0
13158927,6,0,2
74617219,2,0,0
11270819,2,1,0
72312771,0,0,0
97979220,1,3,0
69198429,2,0,0
92817689,3,0,0
13721809,3,0,0
97143911,0,0,0
39036218,2,0,0
11391081,1,0,1
93994272,1,0,0
23910031,1,0,0
4962462,3,5,0
21262962,2,0,1
82697271,6,2,4
22722973,2,0,3
87629894,4,2,0
62129215,0,0,0
30329328,1,0,0
24861269,1,0,0
24783972,1,0,0
43362290,2,0,1
42289523,1,0,0
27823332,7,0,1
43116291,0,4,0
6316840,4,1,2
43423232,1,0,0
39298367,0,3,0
32743726,0,0,0
39281949,1,0,0
95429299,1,0,0
88792220,3,5,0
92992739,1,7,0
89337612,0,0,1
44549432,2,0,0
93722224,2,0,1
27940386,2,0,2
62993663,3,2,2
72232593,1,0,0
69276260,1,0,0
46219126,0,0,0
31632832,2,8,0
22832382,2,0,0
93937427,2,0,0
27282128,1,6,1
92376208,5,0,1
21288934,1,0,0
41178238,1,0,0
92317289,2,0,0
98927677,0,4,0
29249225,0,3,0
30129133,0,0,0
3122212,0,0,4
3292868,2,0,1
26329024,4,0,2
95247143,1,0,0
93224213,2,0,2
80847198,3,8,0
37249223,0,0,0
26722727,2,0,2
44842713,3,6,2
21732179,0,0,0
92222822,1,0,0
83973121,2,0,1
92434328,2,0,0
21999123,1,0,0
69956840,0,0,0
17178413,3,0,0
76096428,1,0,3
22782674,2,0,0
94222731,1,0,2
93310237,0,11,0
32294439,3,2,0
7679793,2,4,3
69170280,0,2,0
22274399,1,0,0
19936714,4,0,0
91289961,1,0,2
86143007,0,1,0
29168400,1,0,0
89895947,1,0,0
96220899,4,0,4
71681989,0,0,0
19212958,3,0,0
63421019,0,0,0
49797922,3,0,0
95816629,1,0,1
71212489,0,0,0
9291224,1,0,1
22179028,2,0,2
37386940,0,4,0
1264139,3,0,2
29772414,1,0,1
23378314,11,6,3
43933320,0,0,0
13261944,0,0,0
96211346,1,0,0
22432288,2,0,1
63239729,0,3,0
12218222,4,0,1
19824123,2,4,0
36243926,0,0,0
14973392,1,0,0
10419432,0,0,0
97143271,1,0,1
41187321,2,0,0
89029622,1,0,0
69134933,8,2,5
29993117,3,0,2
971239,3,5,1
32929619,3,0,4
41892939,0,0,0
74711147,5,0,1
21929286,3,0,0
34643284,4,0,0
2998119,2,0,1
31292391,1,0,0
28777723,0,4,0
8172333,3,0,1
94223124,0,0,0
29728926,2,2,1
25381839,1,0,0
48821922,6,1,2
61281924,5,0,0
29226816,1,0,0
34433849,2,0,0
91122213,1,5,0
34301967,4,0,2
22733209,4,0,2
83909289,2,0,1
60943066,0,0,0
91159147,5,0,2
19142219,2,0,1
96983288,0,0,0
92962982,0,0,0
18207299,2,0,0
23423115,0,0,0
62932771,4,0,4
82232886,2,0,0
61112994,2,2,2
29982021,1,0,0
54318489,1,0,1
24939322,4,0,2
63729623,3,0,2
12421447,1,0,2
21224958,0,0,0
82609212,5,0,0
73819932,0,0,0
91129491,6,2,0
82329499,0,3,0
34782169,2,3,3
59129892,0,0,0
12994599,1,0,0
31343949,1,0,2
28490912,4,0,1
12283326,1,0,0
90149231,6,0,1
83291092,3,0,0
21991618,5,1,3
81629113,0,0,1
67221614,1,1,0
92613130,0,0,0
72991813,2,0,1
71239883,0,4,0
68882322,1,0,0
93817717,2,0,0
1892981,0,0,0
90123122,7,0,2
92339481,2,1,1
67627209,0,0,0
83978161,1,4,0
82498926,0,0,0
36723382,0,0,0
27144773,2,0,4
69661149,1,9,0
25062739,0,0,0
92421112,3,0,2
42972297,3,0,2
73616189,2,0,0
77241617,2,4,2
92831381,3,0,1
77632524,4,0,0
20962997,1,0,1
32397223,3,0,2
79683267,4,0,0
38024387,2,4,1
12427227,0,0,0
19943927,0,0,0
82051792,1,0,0
22330468,1,0,0
80948392,4,10,2
20621028,0,0,0
31242239,0,0,0
91790972,2,0,2
29021312,2,0,1
44223728,1,0,2
32712966,0,0,0
11519928,3,0,0
91794726,4,0,4
47617066,1,0,0
84727041,2,13,0
39676416,3,0,1
92960121,5,0,0
24287011,2,0,1
26199322,6,0,1
18925704,0,0,0
93336825,1,0,1
79967758,1,0,0
83244249,2,0,0
70732272,3,0,2
28942942,0,0,0
21093423,5,0,3
11604210,2,0,1
73112819,2,0,1
30292816,5,3,4
19798984,1,0,0
33931771,2,0,2
70039431,2,0,0
61354799,2,0,0
22372489,1,0,0
34271328,3,0,3
27041433,2,0,0
2332306,0,0,0
21823292,6,2,0
78129923,5,0,3
4626668,2,0,3
33682222,3,0,2
32628663,2,0,1
31399362,3,0,2
16382991,0,0,0
32371993,1,2,0
39817331,3,0,0
82121287,1,3,1
18229222,0,0,0
31537109,5,0,1
21791321,6,2,7
34911277,2,1,1
39492194,3,0,2
32922367,7,0,1
82082366,5,2,7
83412673,2,0,0
4741971,4,0,1
16196973,2,0,3
60995228,3,0,0
82016964,0,0,0
19991352,0,0,0
92031337,2,0,0
9485142,5,0,0
99922693,1,0,1
69096382,0,0,0
62841011,1,0,1
29411241,4,2,3
19642216,3,0,3
42123941,6,0,8
48729110,0,0,0
3342947,2,0,0
79974019,6,0,1
13920426,0,0,0
82797210,5,0,1
44891211,2,0,1
91941023,1,3,0
92844638,3,0,0
29136926,5,0,1
38468229,3,0,0
48283429,0,0,0
34739921,2,0,0
62232219,6,7,2
22242490,3,4,1
28147323,1,0,0
94623626,4,0,2
22932093,4,0,0
48427289,1,0,1
13471299,4,0,4
36260902,0,0,0
33142093,1,0,1
81923611,6,0,2
31802439,0,0,0
17199392,1,0,0
1860322,2,0,0
26236790,1,13,0
43732903,6,9,2
49299144,2,0,0
21982380,5,0,3
19723720,3,0,3
87121994,3,0,2
92291135,5,0,2
21398722,1,4,1
40703442,2,0,0
19362917,3,0,0
32293931,1,0,0
22292229,1,0,0
92847317,8,0,4
21781299,1,0,0
29763264,1,5,0
93232197,1,0,0
18144431,2,0,1
97285321,3,0,1
21963232,1,0,0
23216973,2,0,1
42281379,2,0,2
12591972,0,0,0
12264326,3,0,1
23189128,2,0,0
1422199,2,0,1
39748062,0,3,1
66833298,0,0,0
21281232,1,0,0
22284176,1,0,0
78917412,2,2,0
28722722,0,0,0
26792103,5,0,4
2132119,5,0,3
12884349,0,0,0
32328226,2,0,0
99027823,3,0,0
73228028,5,0,0
39311947,2,0,1
76293231,1,5,1
58922274,3,0,1
3998920,9,0,2
52290922,3,0,2
42673394,3,0,2
21972209,0,0,0
92194942,0,1,0
9115471,1,0,0
47183222,1,0,0
17630337,4,5,0
90846229,0,0,0
24431263,3,0,1
10729734,3,0,0
23472219,0,0,0
22219222,0,0,0
77239613,0,0,0
29699327,6,0,2
32421262,9,0,9
47227291,0,0,0
91723898,2,0,1
99344361,0,0,0
79923562,0,0,0
72162941,2,0,1
32230261,0,0,0
46493281,0,0,0
18822420,3,0,1
69395216,3,0,3
24614721,0,0,0
88122497,0,0,0
91231161,2,0,4
73277199,4,3,0
22481999,2,1,0
86402481,2,1,0
42298839,1,0,1
62984162,0,4,0
78119426,2,0,0
43787391,4,0,1
74143223,2,1,0
62130712,4,2,1
33632198,1,0,0
38220790,0,0,0
42930429,1,1,0
32390337,0,0,0
42286646,2,0,1
69191326,4,0,4
8604592,3,0,1
49289420,2,0,1
63208232,1,4,0
68193333,1,0,0
86172991,1,2,1
39708721,2,0,2
43808230,4,0,2
36832433,3,0,1
92533242,4,0,0
82210728,6,1,1
80231132,2,2,2
90292292,0,0,0
37922216,2,1,2
88829977,0,3,0
92280622,3,1,2
64273103,5,0,2
44223109,1,0,0
96123921,5,0,1
82663620,2,9,0
88229201,2,0,0
43346423,1,3,3
23269214,2,0,0
78222972,1,0,1
40122241,0,0,0
28326794,0,0,0
90997269,5,0,2
46702898,6,4,1
93592842,3,0,1
27026161,0,0,0
61222910,2,0,0
31911326,2,0,0
89246102,0,1,0
14973119,3,0,1
24364314,3,1,0
17932292,2,0,2
22722889,3,4,1
99608137,3,0,1
12167047,3,0,2
29122133,3,0,0
96229349,2,0,1
23193411,1,0,0
71882929,0,0,0
26939791,1,0,0
19494238,5,0,5
94119726,1,0,1
23422621,1,0,0
31911192,7,0,0
92823691,3,0,0
97042023,0,0,0
29142699,0,1,0
83319124,0,0,0
78283212,1,0,0
59212719,2,0,0
31731982,1,0,0
22923562,0,0,0
17772963,0,0,0
91993237,2,0,2
39904274,3,0,0
72288149,6,0,0
23121389,2,6,1
11997299,10,1,4
49929126,1,0,0
42921747,2,0,1
39623739,1,0,0
69930216,2,0,0
72958322,2,0,1
44417909,5,0,1
49249212,3,0,3
242266,0,0,0
28499130,0,0,0
92279033,3,15,1
76662922,3,16,0
11273068,1,0,1
82163142,4,4,1
22149663,3,0,1
39211313,2,2,1
91232659,4,0,2
81222976,0,0,0
86924212,2,1,1
33012313,0,0,0
41804213,0,0,0
29119190,4,0,1
28299224,0,0,0
42376183,0,0,0
32120228,5,3,0
38343262,2,0,1
69221948,4,0,1
19983420,4,0,1
92032628,3,0,1
92131223,0,0,0
37212692,2,0,0
71793271,3,3,1
92053939,5,0,0
29363924,0,0,0
22606621,2,0,1
84689901,5,0,2
29927211,1,0,1
97812394,1,0,0
12116874,2,0,0
29239238,1,0,2
90897734,4,1,1
79139777,4,0,2
11439262,0,0,0
12938161,7,0,6
12642362,3,0,0
93338335,3,0,0
49257992,0,0,0
22377439,3,0,0
17711028,3,0,1
32183039,0,0,0
93312292,1,0,0
31218293,0,0,0
31469601,6,0,2
41263727,2,0,0
38892742,1,0,0
94662369,0,0,0
32297027,1,6,0
31312213,10,0,6
2321844,4,2,1
31870664,2,8,0
79790167,0,5,0
21944932,4,0,1
91711891,3,0,1
33499139,2,0,4
43212972,5,0,0
18128608,1,0,0
18289035,1,0,0
22229290,1,3,1
86121239,3,2,1
33873291,3,0,2
86082893,2,0,0
80829896,2,0,1
28721612,1,12,1
29417523,5,0,2
87091391,3,0,0
59199998,5,0,0
39346311,1,0,1
93111519,4,0,0
92747299,1,0,0
43022380,1,0,0
21138216,3,0,1
33798259,9,0,4
99041437,0,8,0
69173179,4,0,2
83922914,8,20,8
5143934,5,0,3
12894339,4,0,3
22072977,3,1,1
29389822,1,0,1
32597203,4,0,2
77329172,1,10,0
32238932,2,0,1
78491088,3,1,0
13742991,3,0,2
20229138,3,0,0
93259263,0,0,0
40182692,2,0,0
66229317,3,4,1
89222338,4,0,0
83210426,0,0,0
34632227,3,0,0
41910912,2,0,1
93422638,2,0,1
1921220,0,0,0
61243341,0,0,0
20499384,3,5,1
17112711,3,0,0
86294920,2,0,0
78229474,3,8,0
31231634,5,0,0
73129246,0,0,0
82231292,2,0,1
88916983,1,0,3
26320119,4,0,1
91142827,2,0,0
94433061,0,0,0
17941391,0,0,0
24129127,1,0,0
92322219,0,1,0
30892629,1,1,0
48917927,7,0,5
29637312,3,0,1
21066206,1,0,0
73129812,0,0,0
71458692,4,0,0
47487182,3,0,0
41071486,5,0,1
59714903,0,0,0
42017949,7,0,2
72279658,2,0,1
98523622,4,0,1
44278323,4,0,1
19395222,1,0,0
28242006,0,0,0
96478302,2,0,0
1279916,4,0,8
73997812,10,0,7
1321173,1,0,1
32699397,9,0,4
37980882,7,0,5
79804336,4,0,1
79226215,4,0,0
12299622,1,0,2
24314962,7,0,1
62229231,2,0,0
13322149,11,0,11
39620289,0,7,0
64241470,4,0,3
80666322,0,0,0
81922760,1,0,0
92493223,0,0,0
29692992,5,0,3
61206222,1,0,0
23261386,1,0,0
53192462,0,0,0
21665239,1,0,0
10981267,0,1,1
11793897,2,0,1
21095316,2,0,1
78006931,3,0,1
93022064,0,0,0
95122876,1,0,0
37390873,4,0,1
28142803,1,0,0
17131720,6,0,1
76992638,8,0,7
43943629,1,0,0
11820469,1,0,0
12219214,1,2,1
22997291,9,2,7
28601227,0,14,0
29729222,6,6,2
66727289,1,1,0
82163111,2,0,4
77489289,4,0,1
79171728,0,0,0
23393189,2,0,0
91819712,1,0,0
84929190,4,0,2
87922301,1,0,0
11766781,2,4,0
68332906,2,0,1
22698873,3,0,1
91962013,6,0,2
22862808,1,5,0
6648648,1,4,0
20962461,3,0,1
93387372,1,2,0
941186,1,0,0
60912822,1,0,0
63921848,0,0,0
29098401,5,0,0
32799141,1,0,1
22783390,10,0,4
30129912,0,0,0
47746119,0,0,0
92952699,1,0,0
98411380,1,0,0
99940518,2,0,1
12433276,0,3,0
21956297,5,0,6
91599236,6,0,2
32498972,0,2,0
8838341,1,0,0
91217212,6,0,2
93028064,4,3,2
27703910,1,6,0
2092193,0,0,0
32972924,5,0,4
29493220,4,0,0
28839352,0,0,0
39269223,0,0,0
43981111,2,0,1
42122809,3,2,0
9266219,0,0,0
40341217,0,0,0
2812131,2,0,0
16895281,8,0,4
69342213,1,0,0
41288422,1,0,0
19221214,2,0,0
13642973,5,0,0
22783226,3,0,1
24998169,8,0,2
79288039,9,4,4
99791333,2,0,1
88002433,1,0,0
42311282,0,0,0
21281241,6,2,4
44621743,5,0,3
97416437,3,0,0
68697402,0,0,0
13049738,4,0,0
44815189,6,0,3
15298222,0,0,0
98976596,1,0,0
89829141,0,10,0
22264215,1,0,0
40204822,1,0,0
76792173,2,0,0
97914097,9,1,6
25613927,3,0,0
13828869,1,2,0
20749228,1,0,0
91214379,1,0,0
99494129,0,0,0
72181043,1,0,0
11290927,2,0,2
72826176,3,1,2
62299016,1,0,0
21727342,1,0,0
12361291,3,0,2
26014432,2,0,0
93103632,2,0,0
67202042,3,0,1
32727339,2,19,0
83029294,0,0,0
16824932,0,0,0
13331214,3,0,0
72619218,0,0,0
87931221,3,0,3
32134728,0,0,0
92232698,0,0,0
72323411,0,0,0
77427159,1,0,0
68972992,3,0,2
87989537,3,0,5
27661314,4,0,0
41328292,1,0,0
76427399,1,3,0
22343302,2,0,1
16149242,1,3,0
32126823,4,0,1
38143029,0,4,0
78422969,0,1,0
48828312,1,0,1
29332222,0,0,0
22962874,1,0,0
82292914,4,0,2
26279932,2,2,0
61829263,0,0,0
74300913,1,0,0
25282109,5,0,1
17279012,0,0,0
67957482,5,0,2
99691633,0,0,0
6293467,4,0,0
92646728,5,0,1
33239114,1,2,0
12263711,3,0,0
20421923,0,0,0
26691249,9,0,4
22362803,2,12,1
17487927,1,7,0
82393619,4,0,2
71199292,0,0,0
73314068,6,0,3
93531238,3,0,0
42841321,3,0,0
42672021,8,0,1
71230391,1,0,0
16282429,1,1,1
23976222,1,3,1
21622941,0,0,0
87924494,5,0,4
21190293,0,0,0
29337291,0,1,0
19703264,3,0,1
72392223,4,0,0
80227192,1,0,0
44229330,0,0,0
17816793,2,0,0
21114492,3,0,0
13117099,1,8,1
22123922,3,0,3
13239414,2,0,2
93962167,2,1,0
89123242,1,0,0
14223490,5,0,3
11123921,6,6,4
37032779,2,3,1
69817698,1,0,0
41596143,3,0,6
20297279,0,3,0
71322312,0,0,0
96377275,4,0,1
12371862,2,0,0
72346162,0,0,0
27794361,4,0,0
42710819,4,2,4
39137912,1,0,1
46608617,2,1,4
39321332,2,0,1
68311133,0,0,0
13061319,4,1,1
19149894,4,0,1
32249234,1,0,0
22987421,2,0,2
7810768,1,0,0
33812081,5,0,2
77293812,0,0,0
79297672,3,0,2
69987409,0,3,0
33227244,0,0,0
3728162,2,1,0
82601048,3,0,1
71299798,1,0,1
21072298,6,0,3
49830692,2,0,0
99429241,2,0,1
91269322,10,5,6
90221128,2,0,0
69398420,3,0,1
90992112,2,0,2
22292427,2,0,2
9793316,2,0,0
57322996,0,0,0
9423246,4,0,3
31832862,2,0,0
36330229,2,0,2
29842173,0,0,0
88099317,2,1,2
89317187,6,1,2
28201449,3,0,0
42262131,0,0,0
35127267,0,0,0
92324119,0,0,0
99276900,1,0,0
22231394,6,0,6
323861,2,8,0
29029964,2,0,0
63721903,1,1,0
2642129,3,1,0
72088311,0,0,0
76881102,1,0,0
93912147,3,0,1
21291832,1,0,0
92921392,3,0,0
32424243,2,0,0
48942293,2,0,1
17217673,1,0,0
70791090,3,0,2
29621331,2,0,0
12492777,1,0,0
32126424,0,1,0
28202397,4,4,3
83499827,7,1,8
1332346,3,0,3
81361373,1,0,0
37972332,4,0,0
22117477,0,0,0
94322908,1,0,0
91986111,2,6,0
78196620,4,0,1
3332838,2,0,0
26820928,0,0,0
84270346,0,0,0
19230312,2,0,1
24952366,1,0,4
26241932,1,0,0
22992137,2,0,0
61389239,1,5,0
32314191,1,0,0
72132923,1,9,0
98624248,5,0,3
69009222,2,0,2
98277641,1,4,0
83069121,8,0,8
63402793,1,0,0
23398717,1,1,0
39722392,0,9,0
23196014,2,0,0
23932436,1,0,0
29208174,2,0,0
14212968,3,0,2
29933307,2,0,2
20321997,1,0,1
94129061,2,4,1
89187372,1,0,0
69775193,0,0,0
68332120,2,0,1
99364251,1,0,0
8910889,2,0,1
3832349,1,0,0
97219126,1,3,0
11341931,0,7,0
12114782,3,0,1
43227991,2,0,1
15920980,2,0,1
16832383,2,0,1
63142693,0,0,0
87231492,2,6,0
90160211,4,0,0
29390997,4,5,4
33966496,3,0,2
11921309,2,0,0
72391281,2,0,0
99321342,2,0,2
33379183,3,0,1
76219111,3,0,1
29208824,3,0,1
91494793,1,3,1
12239230,0,0,0
39826071,0,0,0
23191033,3,0,1
72728396,2,5,1
99019982,1,0,1
72030999,6,0,0
23213186,1,0,0
43971922,2,0,0
43634908,5,0,3
91218415,1,0,0
70693422,0,0,0
28229239,7,0,1
48030492,3,0,0
14481621,1,0,1
37999393,2,0,2
99239117,3,3,1
72321274,1,4,0
97199773,0,6,0
32333222,1,0,0
86603396,2,0,0
16129242,1,0,0
90938749,0,5,0
24718094,5,0,4
61173623,2,0,0
30068741,2,8,1
72926469,1,0,0
75339932,2,0,2
49333279,2,2,0
18736891,2,0,0
5469714,4,0,0
13692007,3,0,0
78880103,0,2,0
38373631,3,0,0
97022473,2,0,1
46919679,6,0,5
72199183,2,2,0
42628112,4,4,6
61462331,0,0,0
29227727,13,0,13
16118433,5,0,3
2929162,5,0,3
8962828,0,0,0
13978641,0,0,0
52482199,1,0,1
99734412,0,0,0
69618899,0,0,0
98918425,2,0,0
34283199,2,0,0
72364399,2,0,0
69977211,1,0,2
72904212,0,6,0
78393232,5,0,0
11291829,2,0,0
87125989,1,0,0
33427293,2,1,0
13370226,1,3,0
71196971,8,0,7
37413091,4,0,1
23660222,0,0,0
73469383,4,0,1
13083383,3,0,0
89141222,1,0,0
27092241,0,3,1
17641698,1,0,0
6239894,0,2,0
62548933,0,0,0
29912134,6,0,2
68391936,3,0,1
4203248,3,1,5
14283322,0,0,0
17429411,5,0,2
79282020,2,1,1
25421171,0,0,0
79213484,1,0,0
96494724,4,1,0
23992342,5,0,0
29223411,1,0,0
98165714,4,0,1
31449241,5,0,2
93798261,4,0,1
29138429,4,0,1
92302234,3,0,1
28770108,1,9,1
73336673,3,0,3
22221393,4,0,1
99324898,2,0,7
86273041,0,0,0
14343062,1,0,1
33229141,4,0,0
48291972,0,0,0
99292313,0,0,0
1989486,4,0,3
2237922,2,8,0
82898421,3,0,1
69983921,2,6,0
13800114,2,3,1
31198049,2,0,1
81314732,1,0,0
29192182,1,0,1
98231912,1,0,0
12614743,1,0,0
29239310,6,3,4
92082689,1,0,1
24791396,0,2,0
89718259,0,0,0
12066833,2,5,1
72238314,4,0,0
23369273,2,0,0
24807874,2,0,0
13293683,3,0,3
99533287,0,0,0
7336962,0,0,0
62033606,2,0,0
62329169,1,0,1
95192962,1,0,1
10369423,0,0,0
24730729,1,2,0
13261083,2,0,0
29193121,0,1,0
42396972,1,0,3
98199227,5,11,10
9326628,7,21,3
12241491,3,0,1
22807272,4,1,1
27672916,4,0,2
28128198,0,0,0
34064896,1,0,0
37173622,1,6,0
49192797,6,0,7
84722203,1,0,0
31982771,6,2,2
22008223,0,0,0
80399121,2,0,0
96237221,0,0,0
93922222,1,1,0
22478942,3,17,0
16684917,0,1,0
69799792,10,0,9
22480910,3,0,3
72229336,1,0,0
11749911,3,0,0
82197622,0,0,0
48229119,0,0,0
93641293,1,0,1
33927123,2,0,1
29221284,0,1,0
16936362,2,0,0
24261976,9,0,4
96132008,2,0,1
24333103,3,0,4
32208824,0,0,0
34111211,1,0,0
71339811,2,4,0
64194119,1,4,0
64944871,1,4,1
23119292,12,0,1
93187723,3,0,0
48931729,1,0,1
71386197,1,0,1
12190102,3,0,0
71935962,15,0,7
78167123,0,18,0
71629913,2,0,0
32796433,1,4,0
12683499,0,0,0
6867479,5,7,2
32992006,0,5,0
28221048,1,3,0
84212481,4,0,1
43993793,2,0,0
98223239,0,0,0
93246326,6,0,0
74846190,2,0,0
98229723,0,4,0
23640629,1,0,0
27314828,6,1,3
32467249,1,0,0
82619192,0,2,0
18913497,1,0,0
68767322,0,0,0
83296472,6,0,2
18792217,3,0,0
61387380,1,0,1
14993225,2,0,1
94792971,2,7,1
22226939,1,3,1
24293243,2,0,0
2926624,0,0,0
29963221,2,0,0
79315221,3,0,1
73208893,4,0,13
22940234,0,0,0
99993485,2,0,0
99721864,0,5,0
71283926,5,2,1
168312,1,0,0
88942871,0,0,0
82971118,1,0,0
49902679,4,4,1
26340296,1,0,0
97362511,0,0,0
92109767,1,0,0
28629823,1,2,0
12229023,0,24,0
83419034,0,0,0
86429609,11,2,4
32931881,4,0,4
63324027,2,0,0
93419162,3,0,0
33623113,0,0,0
72297129,3,0,0
46269721,1,0,0
27166024,2,0,2
93118267,1,2,1
95723492,0,0,0
69920039,2,0,1
16409129,0,6,0
62626983,7,6,1
92928367,7,0,3
92393766,2,0,0
73346826,2,0,0
17262200,2,0,2
11004262,1,5,0
18899319,2,0,1
11526969,3,0,0
32831384,1,0,1
19622037,2,2,0
10101222,5,0,3
27442598,2,0,0
29176692,3,0,0
48932149,2,0,0
10947478,1,0,0
23496631,1,0,0
91336717,0,0,0
31609016,2,0,1
90018143,1,0,1
37232014,1,0,0
6192291,5,28,3
79193292,0,0,0
87272229,4,0,0
86173862,4,6,3
48626921,13,3,2
90492264,2,0,1
77319122,2,0,1
1394087,1,0,0
81409682,0,2,0
39490329,3,0,1
42221294,2,0,1
78921571,1,0,1
88174269,2,3,2
47929264,3,1,1
62374218,1,0,0
42322948,0,0,0
18297288,2,0,0
41662772,1,0,0
83169361,7,0,2
19132964,0,0,0
71312690,0,0,0
62633460,2,0,0
63233840,0,0,0
39694789,2,2,1
62912912,0,0,0
19372710,1,0,2
31224933,4,0,1
22722332,1,4,0
26337214,0,0,0
24282987,2,0,0
71636982,2,0,0
41922337,1,2,0
24111791,2,0,0
94191379,0,0,0
62900974,0,3,0
47200741,0,0,0
59722192,5,0,1
26370346,3,0,2
26222348,0,0,0
21878929,0,0,0
98149222,1,0,0
91879527,2,0,0
79187203,1,0,0
38220629,2,4,0
92964122,0,0,0
29933676,2,0,1
69181222,1,0,1
37112928,4,9,2
12231762,3,0,0
81441049,7,8,4
28279220,2,0,1
71924231,2,0,1
18262338,1,0,4
62936323,3,0,0
23712296,6,0,1
92427839,0,3,0
41164321,2,0,2
21328690,1,0,0
24028427,7,0,6
23969341,2,0,1
964441,1,4,2
34124901,0,3,0
16362391,2,0,1
9313662,1,0,0
74149127,5,1,4
72539331,1,0,0
29723217,1,0,0
42712934,0,0,1
14968826,1,0,0
25136974,3,0,0
29689353,10,0,3
14344222,4,0,3
19904188,2,0,1
30381938,1,0,1
78829319,1,0,0
21196449,6,0,0
88179996,0,0,0
19795919,0,0,0
36319919,0,5,0
99732322,3,3,0
33266293,1,0,0
67742989,2,0,1
21916672,1,4,0
11160339,0,0,0
97332138,4,0,1
82489719,2,0,2
32122313,4,0,1
76972492,1,0,0
31292093,1,0,0
24627789,2,3,0
41262279,3,5,0
19703316,3,3,1
92036866,0,0,0
32999732,1,4,1
35632629,11,0,8
10360999,1,0,1
91959928,2,0,0
42392239,1,0,0
12149820,5,0,2
99918126,1,0,1
99082199,1,0,0
39629216,3,0,0
29933314,4,1,3
21402029,2,0,0
97297993,0,0,0
26900332,5,0,0
70287829,0,4,0
23874426,0,0,0
29223659,0,0,0
6299328,2,0,0
29276822,0,0,0
64424373,0,1,0
30942362,1,0,0
84426418,4,0,0
33401714,1,0,1
62398701,4,0,4
50933192,0,0,0
21149121,0,0,0
72013428,0,0,0
41222964,4,2,4
43282841,0,0,0
23368822,0,5,0
71279826,2,5,1
59834978,4,0,0
16424101,3,0,0
42799294,3,0,2
75491919,5,0,0
32834398,1,0,0
23369888,6,2,2
63712099,7,0,4
94002281,3,0,0
44082281,3,0,6
24192891,3,0,1
71117236,1,0,2
82982222,1,0,1
2363218,1,0,1
6220699,7,0,5
46247289,5,0,4
42920964,2,0,1
6318669,7,7,2
41346992,0,0,0
69212323,1,0,0
19921343,2,0,1
93541831,11,0,4
21393127,3,0,1
48923417,3,0,2
43399242,1,0,0
71311731,1,0,1
21640229,9,0,2
39289214,1,0,0
31193270,1,0,0
98924121,1,0,1
23722359,2,0,0
24947959,1,0,0
84938312,2,13,5
29763731,1,3,1
94741895,1,0,0
47722339,4,0,1
72118439,0,0,0
23762388,1,0,1
42322211,0,0,0
96274120,3,0,1
21323212,4,0,2
2838288,2,0,2
10499910,0,0,0
82331602,0,1,0
17837420,3,0,0
16362162,1,0,0
61012072,3,0,0
28221314,0,0,0
72161117,4,0,1
15423329,2,0,1
35339383,8,0,1
82736892,4,0,1
22813133,2,0,1
2282329,1,4,0
58417949,5,0,0
49349122,2,0,0
4437291,4,0,1
60822339,0,0,0
22101823,0,2,0
20178622,8,1,7
96621628,0,0,0
93889291,1,0,0
13792413,1,0,0
79221989,2,0,1
29787992,0,0,0
28068877,1,0,0
70387422,0,0,0
29427376,0,0,0
19369266,6,0,3
33019436,7,0,2
79781893,1,0,1
1619093,0,0,0
82225394,11,0,13
13917720,2,9,2
13187960,3,0,0
36602662,2,0,0
28033281,0,0,0
23944212,1,0,1
36496182,0,3,0
56469986,0,0,0
2437992,3,0,2
66801494,2,0,1
97488330,2,0,0
23297219,9,5,2
80620113,3,4,1
27225719,10,0,7
7834326,1,0,1
21284496,2,8,0
71192031,2,0,0
24832397,3,0,0
76279629,5,0,3
42922312,0,0,0
32072811,1,0,0
82302201,1,0,2
3784134,1,0,1
19123413,2,0,0
93113143,2,0,1
91902228,1,0,0
19422483,0,0,0
8116286,2,0,0
9378831,1,1,0
22321733,8,0,1
69192361,0,1,0
83461194,5,0,4
94232282,2,0,1
39399012,2,5,1
8829216,0,0,0
33434286,3,0,1
22478248,1,0,0
36327290,1,0,0
9279962,0,0,0
74369122,3,1,0
72961186,1,0,0
91957793,1,0,0
23738214,0,0,0
76678071,2,4,1
16380280,2,0,0
72219108,2,0,1
13736971,2,0,0
29712739,0,0,0
96197539,1,0,1
51729231,1,0,0
26213919,0,0,0
29797519,7,0,5
30187261,8,0,0
73673366,2,0,0
91911532,3,0,3
39539329,1,0,0
26149279,7,3,3
9098922,0,0,0
82227129,3,1,1
92690213,4,0,2
71970314,1,6,2
21149922,5,0,7
22632994,7,0,2
32022431,2,0,2
24792779,0,4,0
61342138,0,0,0
91129103,1,2,0
85693992,0,0,0
23656194,2,0,1
99621721,0,0,0
32049864,0,0,0
89932392,2,0,1
29352778,4,0,1
76268421,1,0,0
93802168,3,4,2
82918316,3,0,1
78323422,2,0,1
30423621,0,0,0
82999492,4,0,0
62217936,4,0,3
70223323,2,1,2
62922994,5,0,3
92977221,4,3,3
94327934,6,0,1
63928962,4,3,5
11844411,1,0,1
44409501,4,0,3
54612119,2,0,1
48298531,0,0,0
22416920,4,5,4
19996417,2,0,1
82291801,0,4,0
89876069,1,0,0
23939163,4,0,0
42299621,0,0,0
12713643,1,0,1
13122083,0,0,0
2163133,2,0,0
24949861,1,0,0
88298973,1,0,0
39572717,5,0,1
40888439,5,0,3
92837778,2,0,2
2212491,2,0,1
31283716,5,0,3
26362142,1,0,0
22389393,9,0,4
2798289,0,0,0
92837232,7,0,5
83493816,2,0,0
63193422,0,6,0
33222644,3,0,0
23421104,9,2,3
79129330,4,0,0
22919983,3,0,1
63307239,1,0,1
14239298,1,0,1
73737189,2,3,0
13108213,4,0,1
6212236,1,4,0
76100224,8,2,2
37829486,0,0,0
13798922,1,1,2
16692280,0,0,0
72913995,1,0,0
82114308,0,0,0
91222224,1,0,0
82214298,0,0,0
99112271,2,0,1
34275692,2,0,1
27374874,2,0,0
42275919,2,0,0
9492192,6,5,5
93013383,8,0,7
31764179,2,0,1
47972921,7,1,4
23322059,0,0,0
8472384,0,0,0
24290378,0,0,0
99131494,2,0,0
82344127,2,1,1
89707112,3,3,0
67223322,1,0,0
32478229,0,0,0
23612724,0,0,0
23826230,1,0,0
68266230,4,3,2
11322433,1,0,0
83304311,6,0,2
12812493,3,0,1
97389187,5,0,10
14011239,4,0,3
89939311,5,0,0
99939132,6,0,1
79076777,2,0,0
98636127,1,0,0
22972207,2,1,0
19269744,0,0,0
33727863,3,0,2
76986119,3,0,1
88141380,3,0,0
42682237,4,0,1
89278413,3,0,0
28326933,8,0,5
93321122,1,0,0
48622304,4,0,3
92228298,2,11,0
32429214,2,0,0
81271119,0,0,0
32790370,0,0,0
14129312,2,0,3
27614816,0,0,0
32393222,0,0,0
34123843,0,0,0
17334919,0,0,0
22326303,12,0,12
12223942,1,0,0
9246832,4,0,2
78937967,2,0,1
72460224,2,0,0
42632429,0,0,0
83273211,1,0,0
92115789,2,0,0
31203789,3,0,3
37965192,1,0,1
16628042,2,0,0
44633872,0,0,0
24226163,1,0,1
97917229,0,3,0
42308248,8,6,6
14933024,2,0,1
19113092,9,0,7
16236020,4,0,1
97851222,0,0,0
19824336,0,1,0
8319594,0,0,0
38379121,1,0,1
16762940,6,8,4
13821417,2,0,1
12992112,2,2,0
46289146,3,0,0
92472978,0,0,0
73592879,0,0,0
27397224,0,5,0
14797142,0,1,0
27613954,2,0,1
44872689,1,0,0
24282191,1,0,0
12394919,6,1,1
22387592,3,0,0
39282367,1,0,1
21998279,4,0,3
42568693,4,0,0
12722233,5,1,3
32822943,2,0,1
11828892,0,8,0
8352971,1,0,0
43784112,4,1,0
34222925,0,0,0
87363024,2,0,0
38821143,2,0,4
23122916,0,0,0
42338223,3,0,3
26979729,0,0,0
67324362,4,0,1
98471442,1,2,0
48397343,1,0,0
39291328,0,0,0
29296121,0,0,0
29117490,3,0,0
26092301,0,0,0
36671623,0,0,0
31361820,1,1,0
24792821,1,1,0
89310272,0,0,0
30222266,2,5,1
17143323,2,0,4
96281592,1,0,0
74771609,6,0,3
33810119,6,0,3
31693814,0,0,0
39127718,1,0,0
35374298,1,0,1
30632130,2,0,1
34908216,1,0,0
98809199,1,10,0
21933113,0,0,0
19789158,2,0,0
91226178,0,0,0
16993292,2,0,0
72049823,2,0,0
79266208,4,1,1
16296924,3,0,0
91768173,3,0,2
95139321,2,0,0
12342292,4,0,4
30103221,2,3,1
81289076,8,10,3
62264002,3,1,2
29328762,1,1,0
83622831,0,0,0
8222991,3,0,2
27364704,5,0,2
67493394,1,0,0
13394931,0,0,0
49884183,3,0,1
23120332,5,0,2
92122417,3,0,0
13317337,3,12,1
82729962,0,1,0
92029217,7,0,1
66591297,4,0,2
84291923,5,0,1
78449362,0,0,0
49470251,1,0,0
21092913,1,11,1
97047228,6,4,2
22871192,0,0,0
7762609,2,0,0
99824282,4,0,3
92438922,4,0,0
23614229,2,0,0
17441710,0,0,0
41271982,4,0,0
76123181,5,0,1
23273917,0,0,0
87673659,1,0,2
33721222,0,0,0
78719376,4,0,3
79021999,5,0,0
42946952,2,0,1
64124718,0,8,0
87087372,4,0,0
42832791,0,0,0
94328126,1,0,0
46901932,3,0,1
86972408,0,0,0
29690533,2,0,2
83037496,8,0,2
91213345,1,0,0
68928119,2,0,1
7311123,0,0,0
17411728,3,0,2
31024808,3,5,1
63299919,4,0,2
94152299,0,0,0
99274756,2,0,5
69375242,2,0,0
3122223,4,0,2
94121909,0,0,0
79032422,1,0,0
62223129,2,0,3
94759998,1,0,0
62628172,4,10,3
23393184,7,0,0
98232423,1,0,0
62272192,1,0,0
94292790,0,0,0
72342293,0,0,0
49635410,0,0,0
12393722,4,0,0
36637114,1,0,1
82139241,2,0,1
90843408,3,0,3
23713037,1,0,0
26073968,3,0,0
32309146,1,0,0
69467296,3,0,1
97434229,1,0,0
12896389,4,6,0
12991937,3,0,3
40867828,4,0,2
17222539,1,0,0
34824420,0,0,0
90643462,2,0,1
97436316,0,0,0
1013999,2,0,2
64926063,0,12,0
27064006,3,0,1
64868941,1,0,0
38386428,3,0,47
28339266,3,0,1
41078431,6,0,1
16728947,1,0,0
2434088,0,0,0
33336221,1,0,0
43163019,3,0,0
69708990,2,0,1
86049312,1,0,1
43119722,0,0,0
80118979,3,0,1
61992643,0,0,0
28937953,7,0,3
88218073,5,0,2
1918224,4,13,0
19282986,0,0,0
79915787,1,0,0
37426132,3,0,2
11786046,1,7,0
261102,0,0,0
22932914,0,0,0
4867169,1,2,1
41328723,3,0,0
16083183,13,0,3
33728902,2,0,1
62229707,0,0,0
9744976,6,1,4
93241123,0,0,0
21819203,5,1,4
13138123,5,0,0
61956394,2,0,0
72271943,3,0,2
24689123,3,0,2
17932376,2,0,1
79323222,1,0,1
81839309,12,0,3
20293113,0,0,0
66809021,0,0,0
94604121,1,0,0
99308247,6,0,1
27041012,2,0,1
34080732,1,0,1
97991203,3,4,1
12292933,7,0,3
71226129,1,0,1
13691474,5,0,1
32940663,1,0,0
64678170,2,0,0
26606142,5,0,0
32302239,5,0,2
22393313,3,0,1
91623979,2,7,0
13928919,0,0,0
1188609,1,8,1
81219999,3,4,1
29410343,0,0,0
9784846,7,0,13
18977429,1,5,0
16133188,2,0,1
29148476,1,1,0
16609192,6,4,0
29303782,1,0,0
12019083,2,0,0
21101268,1,0,0
23992044,6,0,2
98909482,4,0,6
22971114,2,0,0
23964411,0,0,0
13329648,2,0,0
14079123,3,0,5
67441912,0,0,0
61814073,2,0,1
27474197,3,2,1
83121916,0,0,0
37374732,0,0,0
61283920,0,0,0
27291376,2,0,0
99477461,1,8,0
91603021,8,0,0
82276797,4,0,5
47920282,1,0,0
72112792,1,0,1
13669322,1,8,1
92243399,4,4,1
32979814,2,0,0
33311939,0,0,0
71219490,4,0,1
24734593,4,0,2
18439922,3,0,0
49203047,8,2,0
74814802,1,0,0
64317267,6,0,0
91428712,5,2,3
33724423,8,0,4
13860979,13,0,2
78239227,1,0,0
21919949,1,0,0
79291493,1,0,0
82140273,2,0,2
71792438,4,1,2
26361227,4,0,1
99914329,2,0,0
13119364,1,0,0
9496031,0,0,0
13223488,8,0,5
71938233,7,0,2
27197187,3,0,0
44441120,0,0,0
93331492,3,1,2
16102662,1,2,1
13323229,2,0,1
53198132,4,0,3
22177147,1,0,1
33390204,4,0,0
69682011,0,0,0
73939001,3,1,0
18729962,1,0,1
10389192,0,11,0
24932491,3,0,1
42122782,1,0,0
24211932,3,0,1
42319222,1,0,1
67919929,3,4,0
71966399,2,0,0
79827332,3,0,1
13428960,1,3,1
39113928,1,0,1
97998272,1,0,0
32162468,4,0,5
18119918,0,0,0
19937383,4,2,0
12843430,5,1,0
91269834,1,0,0
86790136,1,0,0
20792123,0,0,0
32962119,12,11,6
2429839,1,0,0
33096936,2,0,0
12728293,0,0,0
61631191,0,1,0
86913960,3,1,1
24129394,0,0,0
26998252,2,0,1
32294913,0,0,0
49701189,10,4,2
77322639,1,0,0
96173239,3,4,2
63591327,3,0,0
61323064,0,0,0
92991210,0,0,0
29383011,5,2,0
16762919,2,0,0
27644392,5,0,2
39072141,1,1,0
86923830,4,0,0
66626820,3,0,0
71929842,0,0,0
62029442,3,0,1
81970192,2,3,0
69898005,1,0,0
49232911,1,0,0
82897632,0,0,0
18319892,5,0,1
33269280,4,3,1
29791368,1,0,2
49711626,0,0,0
12312492,2,0,0
62598442,5,0,1
58991822,3,0,2
23698933,10,0,8
42121691,3,0,0
42434323,2,4,1
81289008,1,0,1
112176,1,0,0
18957329,5,0,3
22975371,1,0,1
37697719,3,0,1
26427733,2,0,1
27702992,1,0,1
22493817,3,0,1
78189299,2,0,0
93037830,0,0,0
12926364,0,0,0
29853309,0,0,0
20316816,2,0,1
99232791,3,0,3
73212433,1,0,1
36230129,3,2,1
49409928,0,6,0
22399227,1,6,0
49412832,1,0,1
68296911,0,0,0
29333264,0,0,0
29097231,3,0,0
61988815,4,0,2
91362241,5,0,1
